"ShaderTypeName","ShaderType","Frequency","NumShaders","ShadersSize"
"FARGB16BigConvertPS","Global","SF_Pixel","1","3949"
"FAYUVConvertPS","Global","SF_Pixel","1","2821"
"FAccumulateBufferToTextureCS","Global","SF_Compute","2","4946"
"FAccumulateCubeFacesPS","Global","SF_Pixel","1","2458"
"FAccumulateDiffuseIrradiancePS","Global","SF_Pixel","1","3348"
"FAdjustFeatureRangeCS","Global","SF_Compute","3","7397"
"FAllocBlocksCS","Global","SF_Compute","1","3041"
"FAllocateBottomLevelGrid","Global","SF_Compute","2","5406"
"FAllocateCommandInstanceOutputSpaceCs","Global","SF_Compute","1","2379"
"FAllocateNewPageMappingsCS","Global","SF_Compute","2","12099"
"FAllocatePagesCS","Global","SF_Compute","12","71015"
"FAllocateProbeTracesCS","Global","SF_Compute","2","9176"
"FAllocateRangesCS","Global","SF_Compute","1","3141"
"FAllocateSparseVoxels","Global","SF_Compute","1","2504"
"FAllocateSparseVoxelsToRefine","Global","SF_Compute","1","3097"
"FAllocateUsedProbesCS","Global","SF_Compute","4","20485"
"FAlphaInvertPS","Global","SF_Pixel","1","2173"
"FAmbientCubemapCompositePS","Global","SF_Pixel","1","12813"
"FAmbientOcclusionCS","Global","SF_Compute","14","105505"
"FAmbientOcclusionPS","Global","SF_Pixel","18","133091"
"FAmbientOcclusionSetupPS","Global","SF_Pixel","1","3958"
"FAmbientOcclusionSmoothCS","Global","SF_Compute","1","2530"
"FAmbientOcclusionSmoothPS","Global","SF_Pixel","1","2472"
"FAnimBankEvaluateCS","Global","SF_Compute","1","4046"
"FAppendPhysicalPageListsCS","Global","SF_Compute","1","2362"
"FApplyLightShaftsPixelShader","Global","SF_Pixel","1","2437"
"FApplyLocalExposureCS","Global","SF_Compute","1","3934"
"FApplyLowerHemisphereColorPS","Global","SF_Pixel","1","3247"
"FAutoExposureDownsampleCS","Global","SF_Compute","1","2723"
"FAutoExposureReduceCS","Global","SF_Compute","1","2754"
"FAutoExposureReduceFinalCS","Global","SF_Compute","1","2689"
"FBMPConvertPS","Global","SF_Pixel","1","2777"
"FBasicEyeAdaptationCS","Global","SF_Compute","2","9366"
"FBasicEyeAdaptationSetupPS","Global","SF_Pixel","1","2848"
"FBasicIntersectionMainCHS","Global","SF_RayHitGroup","1","1841"
"FBasicIntersectionMainRGS","Global","SF_RayGen","1","2626"
"FBasicOcclusionMainRGS","Global","SF_RayGen","1","2534"
"FBilateralFilterCS","Global","SF_Compute","1","5680"
"FBinBricksInTilesCS","Global","SF_Compute","1","5229"
"FBinkDrawICtCpPS","Global","SF_Pixel","8","26587"
"FBinkDrawVS","Global","SF_Vertex","1","2203"
"FBinkDrawYCbCrPS","Global","SF_Pixel","4","11004"
"FBitonicSortGlobalMergeCS","Global","SF_Compute","1","2271"
"FBitonicSortLocalMergeCS","Global","SF_Compute","2","9874"
"FBitonicSortLocalSortCS","Global","SF_Compute","2","15221"
"FBloomClampKernelCS","Global","SF_Compute","1","2563"
"FBloomDownsampleKernelCS","Global","SF_Compute","1","2464"
"FBloomFinalizeApplyConstantsCS","Global","SF_Compute","1","2399"
"FBloomFindKernelCenterCS","Global","SF_Compute","1","3262"
"FBloomPackKernelConstantsCS","Global","SF_Compute","1","2560"
"FBloomReduceKernelSurveyCS","Global","SF_Compute","1","3690"
"FBloomResizeKernelCS","Global","SF_Compute","1","3403"
"FBloomSetupCS","Global","SF_Compute","4","13988"
"FBloomSetupPS","Global","SF_Pixel","4","13926"
"FBloomSumScatterDispersionEnergyCS","Global","SF_Compute","1","3212"
"FBloomSurveyKernelCenterEnergyCS","Global","SF_Compute","1","3729"
"FBloomSurveyMaxScatterDispersionCS","Global","SF_Compute","1","3201"
"FBlurLightShaftsPixelShader","Global","SF_Pixel","1","3642"
"FBufferTextureMappedCopyCS","Global","SF_Compute","5","11565"
"FBuildCardsUpdateListCS","Global","SF_Compute","2","11906"
"FBuildColorHistogramCS","Global","SF_Compute","1","3237"
"FBuildColorParadeHistogramCS","Global","SF_Compute","1","4038"
"FBuildFeedbackHashTableCS","Global","SF_Compute","2","5343"
"FBuildFeedbackHashTableIndirectArgsCS","Global","SF_Compute","1","2188"
"FBuildFrontLayerTileListCS","Global","SF_Compute","1","2294"
"FBuildGridTilesCS","Global","SF_Compute","1","4167"
"FBuildHeightfieldComposeTilesCS","Global","SF_Compute","1","2306"
"FBuildHeightfieldComposeTilesIndirectArgBufferCS","Global","SF_Compute","1","2051"
"FBuildIndirectDispatchArgsBufferCS","Global","SF_Compute","1","2232"
"FBuildInstanceIdBufferAndCommandsFromPrimitiveIdsCs","Global","SF_Compute","64","631762"
"FBuildLandscapeTileDataCS","Global","SF_Compute","1","4642"
"FBuildLightTilesCS","Global","SF_Compute","24","251644"
"FBuildMajorantVoxelGridCS","Global","SF_Compute","2","5468"
"FBuildPageUpdatePriorityHistogramCS","Global","SF_Compute","2","9894"
"FBuildPhysicsFieldClipmapCS","Global","SF_Compute","1","11645"
"FBuildProbeVisualizeBufferCS","Global","SF_Compute","2","4841"
"FBuildRadiosityTilesCS","Global","SF_Compute","1","4216"
"FBuildShadingEnergyConservationTableCS","Global","SF_Compute","5","17150"
"FBuildTileArraysCS","Global","SF_Compute","1","3408"
"FBuildTileConesCS","Global","SF_Compute","1","4024"
"FBuildVectorScopeHistogramCS","Global","SF_Compute","1","2474"
"FBuildVisualizeProbesCS","Global","SF_Compute","1","5887"
"FCalculateCardTileDepthRangesCS","Global","SF_Compute","1","3346"
"FCalculateClusterIndirectArgsCS","Global","SF_Compute","2","4654"
"FCalculateClusterStatsCS","Global","SF_Compute","4","13037"
"FCalculateCompactBlockInstanceOffsetsCs","Global","SF_Compute","1","3153"
"FCalculateExposureIlluminanceCS","Global","SF_Compute","1","7197"
"FCalculateProbeIrradianceCS","Global","SF_Compute","1","4133"
"FCalculateRasterStatsCS","Global","SF_Compute","2","7017"
"FCalculateSafeRasterizerArgs_CS","Global","SF_Compute","2","6059"
"FCalculateShadingRateImageCS","Global","SF_Compute","5","16833"
"FCalculateShadingStatsCS","Global","SF_Compute","1","2692"
"FCapsuleShadowingCS","Global","SF_Compute","15","198692"
"FCapsuleShadowingUpsamplePS","Global","SF_Pixel","4","14454"
"FCapsuleShadowingUpsampleVS","Global","SF_Vertex","1","2913"
"FChannelMaskPS","Global","SF_Pixel","1","3467"
"FClassifyPreAlbedoDivideMaskIdCS","Global","SF_Compute","1","2274"
"FClearAABBCS","Global","SF_Compute","1","1794"
"FClearAllocator","Global","SF_Compute","1","1555"
"FClearCardUpdateContextCS","Global","SF_Compute","1","1960"
"FClearCompressedAtlasCS","Global","SF_Compute","4","15073"
"FClearIndirectArgBufferCS","Global","SF_Compute","1","2120"
"FClearIndirectArgInstanceCountCs","Global","SF_Compute","1","1922"
"FClearIndirectDispatchArgsCS","Global","SF_Compute","1","2102"
"FClearLightSamplesCS","Global","SF_Compute","1","2590"
"FClearLumenCardCapturePS","Global","SF_Pixel","1","1494"
"FClearLumenCardsPS","Global","SF_Pixel","2","2832"
"FClearMessageBufferCS","Global","SF_Compute","1","1539"
"FClearPageTableCS","Global","SF_Compute","3","14870"
"FClearPressureGridCS","Global","SF_Compute","1","2896"
"FClearProbeFreeList","Global","SF_Compute","2","4695"
"FClearProbeIndirectionCS","Global","SF_Compute","1","1584"
"FClearProbePDFs","Global","SF_Compute","1","1763"
"FClearProbeVisualizeBufferCS","Global","SF_Compute","1","1755"
"FClearRadianceCacheUpdateResourcesCS","Global","SF_Compute","1","2183"
"FClearReplacementCS_Buffer_Float4_Bounds","Global","SF_Compute","1","1969"
"FClearReplacementCS_Buffer_Float_Bounds","Global","SF_Compute","1","1935"
"FClearReplacementCS_Buffer_Sint4_Bounds","Global","SF_Compute","1","1882"
"FClearReplacementCS_Buffer_Uint","Global","SF_Compute","1","1699"
"FClearReplacementCS_Buffer_Uint4","Global","SF_Compute","1","1737"
"FClearReplacementCS_Buffer_Uint4_Bounds","Global","SF_Compute","1","1897"
"FClearReplacementCS_Buffer_Uint_Bounds","Global","SF_Compute","1","1866"
"FClearReplacementCS_Buffer_Uint_Zero","Global","SF_Compute","1","1526"
"FClearReplacementCS_LargeBuffer_Float4_Bounds","Global","SF_Compute","1","1970"
"FClearReplacementCS_LargeBuffer_Float_Bounds","Global","SF_Compute","1","1936"
"FClearReplacementCS_LargeBuffer_Sint4_Bounds","Global","SF_Compute","1","1892"
"FClearReplacementCS_LargeBuffer_Uint","Global","SF_Compute","1","1700"
"FClearReplacementCS_LargeBuffer_Uint4","Global","SF_Compute","1","1738"
"FClearReplacementCS_LargeBuffer_Uint4_Bounds","Global","SF_Compute","1","1907"
"FClearReplacementCS_LargeBuffer_Uint_Bounds","Global","SF_Compute","1","1875"
"FClearReplacementCS_StructuredBuffer_Float4_Bounds","Global","SF_Compute","1","1998"
"FClearReplacementCS_StructuredBuffer_Float_Bounds","Global","SF_Compute","1","1957"
"FClearReplacementCS_StructuredBuffer_Sint4_Bounds","Global","SF_Compute","1","1922"
"FClearReplacementCS_StructuredBuffer_Uint","Global","SF_Compute","1","1729"
"FClearReplacementCS_StructuredBuffer_Uint4","Global","SF_Compute","1","1758"
"FClearReplacementCS_StructuredBuffer_Uint4_Bounds","Global","SF_Compute","1","1937"
"FClearReplacementCS_StructuredBuffer_Uint_Bounds","Global","SF_Compute","1","1896"
"FClearReplacementCS_StructuredBuffer_Uint_Zero","Global","SF_Compute","1","1554"
"FClearReplacementCS_Texture2DArray_Float4","Global","SF_Compute","1","1762"
"FClearReplacementCS_Texture2DArray_Float4_Bounds","Global","SF_Compute","1","1933"
"FClearReplacementCS_Texture2DArray_Sint4_Bounds","Global","SF_Compute","1","1861"
"FClearReplacementCS_Texture2DArray_Uint","Global","SF_Compute","1","1732"
"FClearReplacementCS_Texture2DArray_Uint4","Global","SF_Compute","1","1760"
"FClearReplacementCS_Texture2DArray_Uint4_Bounds","Global","SF_Compute","1","1873"
"FClearReplacementCS_Texture2DArray_Uint_Zero","Global","SF_Compute","1","1550"
"FClearReplacementCS_Texture2D_Float4","Global","SF_Compute","1","1743"
"FClearReplacementCS_Texture2D_Float4_Bounds","Global","SF_Compute","1","1898"
"FClearReplacementCS_Texture2D_Sint4_Bounds","Global","SF_Compute","1","1826"
"FClearReplacementCS_Texture2D_Uint4","Global","SF_Compute","1","1748"
"FClearReplacementCS_Texture2D_Uint4_Bounds","Global","SF_Compute","1","1837"
"FClearReplacementCS_Texture3D_Float4","Global","SF_Compute","1","1745"
"FClearReplacementCS_Texture3D_Float4_Bounds","Global","SF_Compute","1","1925"
"FClearReplacementCS_Texture3D_Sint4_Bounds","Global","SF_Compute","1","1849"
"FClearReplacementCS_Texture3D_Uint4","Global","SF_Compute","1","1747"
"FClearReplacementCS_Texture3D_Uint4_Bounds","Global","SF_Compute","1","1860"
"FClearReplacementPS","Global","SF_Pixel","1","1700"
"FClearReplacementPS_128","Global","SF_Pixel","1","1700"
"FClearReplacementPS_Zero","Global","SF_Pixel","1","1337"
"FClearReplacementVS","Global","SF_Vertex","1","1507"
"FClearReplacementVS_Bounds","Global","SF_Vertex","1","1878"
"FClearReplacementVS_Depth","Global","SF_Vertex","1","1871"
"FClearResolvedLightingCS","Global","SF_Compute","1","2692"
"FClearStreamingRequestCount_CS","Global","SF_Compute","1","1588"
"FClearTemporalAccumulationCS","Global","SF_Compute","2","5953"
"FClearTemporalHistoryCS","Global","SF_Compute","1","2320"
"FClearTracesCS","Global","SF_Compute","1","1743"
"FClearTranslucentLightingVolumeCS","Global","SF_Compute","1","1922"
"FClearUAVBuildIndirectDispatchBufferCS","Global","SF_Compute","1","2134"
"FClearUAVCS","Global","SF_Compute","1","1931"
"FClearUAVRectsPS","Global","SF_Pixel","1","1961"
"FClearUIntGraphicPS","Global","SF_Pixel","3","4985"
"FClearVelocityGridCS","Global","SF_Compute","1","1819"
"FClearVolumetricShadowMapCS","Global","SF_Compute","1","2189"
"FCloudShadowFilterCS","Global","SF_Compute","2","5148"
"FCloudShadowTemporalProcessCS","Global","SF_Compute","1","3284"
"FClusteredShadingPS","Global","SF_Pixel","19","315517"
"FClusteredShadingVS","Global","SF_Vertex","1","2628"
"FCombineConeVisibilityCS","Global","SF_Compute","1","3174"
"FCombineFilteredImageCS","Global","SF_Compute","1","2459"
"FCombineObjectIndexBuffersCS","Global","SF_Compute","1","2043"
"FCombineShadingRateTexturesCS","Global","SF_Compute","2","4014"
"FCombineVolumetricShadowMapsCS","Global","SF_Compute","2","10106"
"FCompactCulledObjectsCS","Global","SF_Compute","4","8376"
"FCompactFeedbackHashTableCS","Global","SF_Compute","2","4869"
"FCompactLightSampleTracesCS","Global","SF_Compute","18","57019"
"FCompactLightTilesCS","Global","SF_Compute","1","2879"
"FCompactViewsVSM_CS","Global","SF_Compute","1","5417"
"FCompactVisibleInstancesCs","Global","SF_Compute","1","3139"
"FComplexFFTPassCS","Global","SF_Compute","1","3963"
"FComplexMultiplyImagesCS","Global","SF_Compute","1","2873"
"FComposeHeightfieldsIntoPagesCS","Global","SF_Compute","2","13115"
"FComposeHoldoutWithCoveragePS","Global","SF_Pixel","1","2606"
"FComposeMeshEdgesPS","Global","SF_Pixel","4","14124"
"FComposeSeparateTranslucencyPS","Global","SF_Pixel","2","7866"
"FComposeVolumetricRTOverScenePS","Global","SF_Pixel","64","723707"
"FCompositeAnimatedVectorFieldCS","Global","SF_Compute","1","3222"
"FCompositeCoreDilateShader","Global","SF_Compute","3","12288"
"FCompositeCoreDisplayTransformShader","Global","SF_Pixel","1","2698"
"FCompositeCoreMergeShader","Global","SF_Pixel","2","16805"
"FCompositeHDRForBlurPS","Global","SF_Pixel","2","7752"
"FCompositeHeightfieldsIntoObjectGridPagesCS","Global","SF_Compute","1","7296"
"FCompositeObjectsIntoObjectGridPagesCS","Global","SF_Compute","8","48961"
"FCompositeObjectsIntoPagesCS","Global","SF_Compute","16","92363"
"FCompositePS","Global","SF_Pixel","4","22277"
"FCompositePostProcessPrimitivesPS","Global","SF_Pixel","14","68963"
"FCompositeSkyLightPS","Global","SF_Pixel","1","2451"
"FCompressVolumetricShadowMapCS","Global","SF_Compute","1","3906"
"FComputeBrightnessPS","Global","SF_Pixel","1","2414"
"FComputeCubeMaxLuminancePS","Global","SF_Pixel","1","2348"
"FComputeCulledObjectStartOffsetCS","Global","SF_Compute","1","2512"
"FComputeCulledObjectsStartOffsetCS","Global","SF_Compute","1","2590"
"FComputeCulledTilesStartOffsetCS","Global","SF_Compute","1","2603"
"FComputeDistanceFieldAssetWantedMipsCS","Global","SF_Compute","1","3293"
"FComputeDistanceFieldNormalCS","Global","SF_Compute","1","2856"
"FComputeDistanceFieldNormalPS","Global","SF_Pixel","1","3049"
"FComputeExplicitChunkBounds_CS","Global","SF_Compute","1","6766"
"FComputeExplicitChunkDrawsViewMask_CS","Global","SF_Compute","1","2337"
"FComputeLightDirectionFromVolumetricLightmapCS","Global","SF_Compute","1","4844"
"FComputeLightPowerDeltaCS","Global","SF_Compute","1","4358"
"FComputeLightTileOffsetsPerLightCS","Global","SF_Compute","2","5330"
"FComputeProbeWorldOffsetsCS","Global","SF_Compute","2","10991"
"FComputeSkyEnvMapDiffuseIrradianceCS","Global","SF_Compute","1","8075"
"FComputeVariableRateShadingImageGeneration","Global","SF_Compute","1","2129"
"FConeTraceScreenGridGlobalOcclusionCS","Global","SF_Compute","2","10895"
"FConeTraceScreenGridObjectOcclusionCS","Global","SF_Compute","4","28589"
"FConvertBeerLawShadowMapToVolumetricShadowMapCS","Global","SF_Compute","1","3757"
"FConvertTexture3DFixedPointToFloatCS","Global","SF_Compute","1","1902"
"FConvertVolumetricShadowMapToBeerLawShadowMapCS","Global","SF_Compute","1","2375"
"FConvertWorldSpaceNormalToCameraSpaceCS","Global","SF_Compute","1","2499"
"FConvolveSpecularFaceCS","Global","SF_Compute","1","4046"
"FCopyBackgroundVisibilityPS","Global","SF_Pixel","2","4114"
"FCopyCapturedCardPageCS","Global","SF_Compute","2","7863"
"FCopyCardCaptureLightingToAtlasPS","Global","SF_Pixel","4","13887"
"FCopyCompressCS","Global","SF_Compute","20","88368"
"FCopyCubemapToCubeFacePS","Global","SF_Pixel","1","2971"
"FCopyCubemapToIlluminanceMeterCubemapPS","Global","SF_Pixel","1","3062"
"FCopyDepthAndBuildHTileCS","Global","SF_Compute","1","1123"
"FCopyDepthPS","Global","SF_Pixel","4","7998"
"FCopyDiffuseIrradiancePS","Global","SF_Pixel","1","2987"
"FCopyDistanceFieldAtlasCS","Global","SF_Compute","1","1882"
"FCopyDistanceFieldIndirectionAtlasCS","Global","SF_Compute","1","2250"
"FCopyEyeAdaptationToTextureCS","Global","SF_Compute","1","1869"
"FCopyIndirectBufferCS","Global","SF_Compute","1","2094"
"FCopyMaxIntoMajorantVoxelGridCS","Global","SF_Compute","1","1856"
"FCopyPreviousTransformsCS","Global","SF_Compute","2","4661"
"FCopyQuadsMultiSourcePSDefault","Global","SF_Pixel","2","15786"
"FCopyQuadsPS","Global","SF_Pixel","1","2157"
"FCopyRectPS","Global","SF_Pixel","1","2067"
"FCopyRectSrvPS","Global","SF_Pixel","1","2067"
"FCopySceneColorPS","Global","SF_Pixel","2","4486"
"FCopySceneColorTexturePS","Global","SF_Pixel","1","3381"
"FCopySceneColorToCubeFacePS","Global","SF_Pixel","1","3381"
"FCopyShadowMaps2DPS","Global","SF_Pixel","1","2226"
"FCopyShadowMapsCubeGS","Global","SF_Geometry","1","2373"
"FCopyShadowMapsCubePS","Global","SF_Pixel","1","2553"
"FCopyStencilToLightingChannelsPS","Global","SF_Pixel","2","5820"
"FCopyTexture3D","Global","SF_Compute","1","2130"
"FCopyTextureCS_Texture2DArray_Texture2DArray_Float4","Global","SF_Compute","1","2209"
"FCopyTextureCS_Texture2DArray_Texture2DArray_Int324","Global","SF_Compute","1","2192"
"FCopyTextureCS_Texture2DArray_Texture2DArray_Uint324","Global","SF_Compute","1","2231"
"FCopyTextureCS_Texture2DArray_Texture2D_Float4","Global","SF_Compute","1","2198"
"FCopyTextureCS_Texture2DArray_Texture2D_Int324","Global","SF_Compute","1","2173"
"FCopyTextureCS_Texture2DArray_Texture2D_Uint324","Global","SF_Compute","1","2213"
"FCopyTextureCS_Texture2DArray_Texture3D_Float4","Global","SF_Compute","1","2201"
"FCopyTextureCS_Texture2DArray_Texture3D_Int324","Global","SF_Compute","1","2184"
"FCopyTextureCS_Texture2DArray_Texture3D_Uint324","Global","SF_Compute","1","2224"
"FCopyTextureCS_Texture2D_Texture2DArray_Float4","Global","SF_Compute","1","2191"
"FCopyTextureCS_Texture2D_Texture2DArray_Int324","Global","SF_Compute","1","2165"
"FCopyTextureCS_Texture2D_Texture2DArray_Uint324","Global","SF_Compute","1","2204"
"FCopyTextureCS_Texture2D_Texture2D_Float4","Global","SF_Compute","1","2170"
"FCopyTextureCS_Texture2D_Texture2D_Int324","Global","SF_Compute","1","2151"
"FCopyTextureCS_Texture2D_Texture2D_Uint324","Global","SF_Compute","1","2191"
"FCopyTextureCS_Texture2D_Texture3D_Float4","Global","SF_Compute","1","2166"
"FCopyTextureCS_Texture2D_Texture3D_Int324","Global","SF_Compute","1","2151"
"FCopyTextureCS_Texture2D_Texture3D_Uint324","Global","SF_Compute","1","2190"
"FCopyTextureCS_Texture3D_Texture2DArray_Float4","Global","SF_Compute","1","2194"
"FCopyTextureCS_Texture3D_Texture2DArray_Int324","Global","SF_Compute","1","2173"
"FCopyTextureCS_Texture3D_Texture2DArray_Uint324","Global","SF_Compute","1","2215"
"FCopyTextureCS_Texture3D_Texture2D_Float4","Global","SF_Compute","1","2166"
"FCopyTextureCS_Texture3D_Texture2D_Int324","Global","SF_Compute","1","2151"
"FCopyTextureCS_Texture3D_Texture2D_Uint324","Global","SF_Compute","1","2195"
"FCopyTextureCS_Texture3D_Texture3D_Float4","Global","SF_Compute","1","2180"
"FCopyTextureCS_Texture3D_Texture3D_Int324","Global","SF_Compute","1","2162"
"FCopyTextureCS_Texture3D_Texture3D_Uint324","Global","SF_Compute","1","2201"
"FCopyTexturePS","Global","SF_Pixel","1","2360"
"FCopyTextureSingleChannelCS","Global","SF_Compute","2","4909"
"FCopyTextureToBufferCS","Global","SF_Compute","4","9899"
"FCopyToCubeFaceVS","Global","SF_Vertex","1","2848"
"FCopyUIntBufferCS","Global","SF_Compute","1","2165"
"FCopyVelocityGridCS","Global","SF_Compute","1","1989"
"FCopyWindowCS","Global","SF_Compute","1","2583"
"FCreateSparseVoxelBLAS","Global","SF_Compute","1","2871"
"FCubeDownsampleMaxPS","Global","SF_Pixel","1","3077"
"FCubeDownsamplePS","Global","SF_Pixel","1","3592"
"FCubeFilterPS","Global","SF_Pixel","1","3854"
"FCubemapTexturePropertiesPS","Global","SF_Pixel","4","12938"
"FCubemapTexturePropertiesVS","Global","SF_Vertex","1","2561"
"FCullHeightfieldObjectsForViewCS","Global","SF_Compute","1","4158"
"FCullMeshSDFObjectsForViewCS","Global","SF_Compute","1","3912"
"FCullObjectsForShadowCS","Global","SF_Compute","2","6930"
"FCullObjectsForViewCS","Global","SF_Compute","1","4029"
"FCullObjectsToClipmapCS","Global","SF_Compute","2","6794"
"FCullObjectsToGridCS","Global","SF_Compute","1","3943"
"FCullPerPageDrawCommandsCs","Global","SF_Compute","16","310553"
"FDebugAlphaChannelCS","Global","SF_Compute","1","2915"
"FDebugHairTangentCS","Global","SF_Compute","1","8947"
"FDebugTranslucencyLightingVolumeCS","Global","SF_Compute","1","25611"
"FDebugVariableRateShadingPS","Global","SF_Pixel","2","4692"
"FDebugVisualizeVirtualSmCS","Global","SF_Compute","1","4186"
"FDeepShadowCreateViewInfoCS","Global","SF_Compute","1","11834"
"FDeepShadowInfoCS","Global","SF_Compute","1","38189"
"FDeepShadowVisualizePS","Global","SF_Pixel","2","5213"
"FDefaultCallableShader","Global","SF_RayCallable","1","1433"
"FDefaultHiddenMeshDecalHitGroup","Global","SF_RayHitGroup","1","2004"
"FDefaultIOProcessCS","Global","SF_Compute","4","8775"
"FDefaultOpaqueMeshDecalHitGroup","Global","SF_RayHitGroup","1","1928"
"FDefaultPayloadMS","Global","SF_RayMiss","1","1448"
"FDeferredDecalVS","Global","SF_Vertex","1","2090"
"FDeferredLightApplyToonDiffusePS","Global","SF_Pixel","2","5865"
"FDeferredLightHairVS","Global","SF_Vertex","1","2589"
"FDeferredLightOverlapPS","Global","SF_Pixel","2","6219"
"FDeferredLightPS","Global","SF_Pixel","472","10671234"
"FDeferredLightVS","Global","SF_Vertex","2","6111"
"FDeformGuideCS","Global","SF_Compute","5","14812"
"FDenoiserSpatialCS","Global","SF_Compute","28","320716"
"FDenoiserTemporalCS","Global","SF_Compute","16","192663"
"FDepthDecodeCS","Global","SF_Compute","1","1081"
"FDepthExportCS","Global","SF_Compute","1","1081"
"FDesaturatePS","Global","SF_Pixel","1","2115"
"FDeviceEncodingOnlyCS","Global","SF_Compute","4","35981"
"FDeviceEncodingOnlyPS","Global","SF_Pixel","4","35795"
"FDiaphragmDOFBuildBokehLUTCS","Global","SF_Compute","6","13762"
"FDiaphragmDOFCocDilateCS","Global","SF_Compute","9","57785"
"FDiaphragmDOFCocFlattenCS","Global","SF_Compute","4","14007"
"FDiaphragmDOFDownsampleCS","Global","SF_Compute","2","6954"
"FDiaphragmDOFGatherCS","Global","SF_Compute","82","1048134"
"FDiaphragmDOFHybridScatterPS","Global","SF_Pixel","12","54421"
"FDiaphragmDOFHybridScatterVS","Global","SF_Vertex","2","7320"
"FDiaphragmDOFPostfilterCS","Global","SF_Compute","8","28013"
"FDiaphragmDOFRecombineCS","Global","SF_Compute","42","318547"
"FDiaphragmDOFReduceCS","Global","SF_Compute","31","195950"
"FDiaphragmDOFScatterGroupPackCS","Global","SF_Compute","3","7804"
"FDiaphragmDOFSetupCS","Global","SF_Compute","6","28233"
"FDiffuseIndirectCompositePS","Global","SF_Pixel","153","1583862"
"FDiffuseIrradianceReferenceCS","Global","SF_Compute","1","3368"
"FDilateExistenceMaskCS","Global","SF_Compute","1","2245"
"FDilateMarkedVoxelsCS","Global","SF_Compute","1","2830"
"FDispatchShaderBundleWorkGraph","Global","SF_WorkGraphComputeNode","1","2820"
"FDistanceFieldAOUpsamplePS","Global","SF_Pixel","2","7496"
"FDistanceFieldShadowingCS","Global","SF_Compute","360","3032941"
"FDistanceFieldShadowingUpsamplePS","Global","SF_Pixel","2","6920"
"FDistortionApplyScreenPS","Global","SF_Pixel","4","14367"
"FDistortionMergeScreenPS","Global","SF_Pixel","4","9822"
"FDitheredTransitionStencilCS","Global","SF_Compute","1","2121"
"FDitheredTransitionStencilPS","Global","SF_Pixel","1","1960"
"FDownsampleCS","Global","SF_Compute","2","5160"
"FDownsampleCubeFaceCS","Global","SF_Compute","1","3467"
"FDownsampleDepthAndNormalCS","Global","SF_Compute","1","3928"
"FDownsampleDepthPS","Global","SF_Pixel","3","7903"
"FDownsampleIntegrateCubemapIlluminancePS","Global","SF_Pixel","1","2988"
"FDownsampleLightShaftsPixelShader","Global","SF_Pixel","2","6333"
"FDownsampleLightShaftsVertexShader","Global","SF_Vertex","1","2900"
"FDownsampleMajorantVoxelGridCS","Global","SF_Compute","1","2930"
"FDownsamplePS","Global","SF_Pixel","2","5082"
"FDownsampleSceneColorCS","Global","SF_Compute","1","2288"
"FDrawBricksPS","Global","SF_Pixel","1","4657"
"FDrawBricksVS","Global","SF_Vertex","1","5124"
"FDrawColorHistogramCS","Global","SF_Compute","1","3035"
"FDrawColorParadeCS","Global","SF_Compute","1","3476"
"FDrawDebugCardAtlasCS","Global","SF_Compute","1","2479"
"FDrawDebugCardGuidesCS","Global","SF_Compute","1","4365"
"FDrawDebugCloudShadowCS","Global","SF_Compute","1","4225"
"FDrawDebugClusterAABBCS","Global","SF_Compute","1","32767"
"FDrawDebugStrandsCVsCS","Global","SF_Compute","1","9495"
"FDrawShadowCastersFalseColor","Global","SF_Pixel","1","4500"
"FDrawTexturePS","Global","SF_Pixel","1","2221"
"FDrawVectorScopeCS","Global","SF_Compute","1","3013"
"FDumpTextureCS","Global","SF_Compute","3","5565"
"FEmitCubemapShadowGS","Global","SF_Geometry","1","2218"
"FEmitCubemapShadowPS","Global","SF_Pixel","1","2038"
"FEmitCubemapShadowVS","Global","SF_Vertex","2","3621"
"FEmitCustomDepthStencilPS","Global","SF_Pixel","2","6150"
"FEmitEditorSelectionDepthPS","Global","SF_Pixel","4","15606"
"FEmitHitProxyIdPS","Global","SF_Pixel","1","4525"
"FEmitSceneDepthPS","Global","SF_Pixel","6","53192"
"FEmitSceneStencilPS","Global","SF_Pixel","1","2301"
"FEmitShadowMapPS","Global","SF_Pixel","3","6952"
"FEvaluateConcatenateScatterCS","Global","SF_Compute","13","188457"
"FExponentialHeightFogPS","Global","SF_Pixel","64","487322"
"FExportDebugViewPS","Global","SF_Pixel","4","43148"
"FExrSwizzlePS","Global","SF_Pixel","12","43774"
"FExrSwizzleVS","Global","SF_Vertex","1","2291"
"FExtractVSMPerformanceFeedbackCS","Global","SF_Compute","1","3248"
"FEyeAdaptationCS","Global","SF_Compute","2","19047"
"FFXAAPS","Global","SF_Pixel","12","60486"
"FFillArgsCS","Global","SF_Compute","1","3278"
"FFillBlocksCS","Global","SF_Compute","1","4083"
"FFillMipsConditionBufferCS","Global","SF_Compute","1","1902"
"FFillTextureCS","Global","SF_Compute","1","1905"
"FFilmGrainPackConstantsCS","Global","SF_Compute","1","2055"
"FFilmGrainReduceCS","Global","SF_Compute","1","2889"
"FFilterCS","Global","SF_Compute","132","558409"
"FFilterHistoryPS","Global","SF_Pixel","2","5875"
"FFilterPS","Global","SF_Pixel","132","572706"
"FFilterProbeRadianceWithGatherCS","Global","SF_Compute","2","12303"
"FFilterSceneColorCS","Global","SF_Compute","1","2535"
"FFilterTranslucentVolumeCS","Global","SF_Compute","10","41651"
"FFilterVS","Global","SF_Vertex","16","43333"
"FFilterVisibleLightHashCS","Global","SF_Compute","1","3420"
"FFinishOcclusionPixelShader","Global","SF_Pixel","1","2476"
"FFirstPersonSelfShadowBlurPS","Global","SF_Pixel","1","4949"
"FFirstPersonSelfShadowInputsDownsamplePS","Global","SF_Pixel","1","4089"
"FFirstPersonSelfShadowTracingPS","Global","SF_Pixel","6","36232"
"FFirstPersonSelfShadowUpsamplePS","Global","SF_Pixel","1","4094"
"FFixupBordersAndGenerateMipsCS","Global","SF_Compute","4","16780"
"FFrontLayerTranslucencyClearGBufferPS","Global","SF_Pixel","1","2202"
"FFrustumCullVoxelsCS","Global","SF_Compute","1","2811"
"FFusionBlendCS","Global","SF_Compute","2","5238"
"FFusionSetupCS","Global","SF_Compute","1","7686"
"FGLTFSimpleElementNormalMapPS","Global","SF_Pixel","1","2293"
"FGLTFSimpleTexture2DPS","Global","SF_Pixel","1","2043"
"FGPUDebugCrashUtilsCS","Global","SF_Compute","8","17810"
"FGPUMorphNormalizeCS","Global","SF_Compute","1","2368"
"FGPUMorphUpdateCS","Global","SF_Compute","1","4203"
"FGPUSceneDebugRenderCS","Global","SF_Compute","1","32638"
"FGPUSceneSetInstancePrimitiveIdCS","Global","SF_Compute","1","4082"
"FGPUSkinCacheCS","Global","SF_Compute","27","185281"
"FGSComplexTransformCS","Global","SF_Compute","12","94593"
"FGSConvolutionWithTextureCS","Global","SF_Compute","12","139173"
"FGSTwoForOneTransformCS","Global","SF_Compute","12","225916"
"FGTAOHorizonSearchAndIntegrateCS","Global","SF_Compute","10","87944"
"FGTAOHorizonSearchCS","Global","SF_Compute","5","56861"
"FGTAOInnerIntegratePS","Global","SF_Pixel","1","4426"
"FGTAOSpatialFilterCS","Global","SF_Compute","1","3578"
"FGTAOTemporalFilterCS","Global","SF_Compute","1","4282"
"FGTAOUpsamplePS","Global","SF_Pixel","1","2597"
"FGatherMarkedVoxelsCS","Global","SF_Compute","1","2278"
"FGenerateAdaptiveProbeTraceTilesCS","Global","SF_Compute","1","5898"
"FGenerateConservativeDepthBufferCS","Global","SF_Compute","1","3922"
"FGenerateDilationTileDataCS","Global","SF_Compute","1","2505"
"FGenerateDistanceFieldAssetStreamingRequestsCS","Global","SF_Compute","1","2517"
"FGenerateHierarchicalPageFlagsCS","Global","SF_Compute","1","4642"
"FGenerateLightSamplesCS","Global","SF_Compute","108","9842963"
"FGenerateMin3D","Global","SF_Compute","1","2729"
"FGenerateMipCS","Global","SF_Compute","1","2686"
"FGenerateMips3D","Global","SF_Compute","1","2301"
"FGenerateMipsCS","Global","SF_Compute","4","9210"
"FGenerateMipsIndirectCS","Global","SF_Compute","4","9210"
"FGenerateMipsPS","Global","SF_Pixel","1","2326"
"FGenerateMipsVS","Global","SF_Vertex","1","1703"
"FGeneratePageFlagsFromFroxelsCS","Global","SF_Compute","4","62858"
"FGeneratePageFlagsFromPixelsCS","Global","SF_Compute","10","110319"
"FGeneratePaniniUVDisplacementCS","Global","SF_Compute","1","2727"
"FGenerateRasterTiles","Global","SF_Compute","2","4976"
"FGenerateSelectionMapCS","Global","SF_Compute","1","2163"
"FGenerateSkyLightVisibilityRaysCS","Global","SF_Compute","1","5119"
"FGenerateUniformProbeTraceTilesCS","Global","SF_Compute","1","3232"
"FGeometryAwareUpsamplePS","Global","SF_Pixel","1","4542"
"FGlobalDistanceFieldAccumulateUpdatedPagesCS","Global","SF_Compute","1","1901"
"FGlobalDistanceFieldDebugCS","Global","SF_Compute","1","5443"
"FGlobalDistanceFieldPageStatsCS","Global","SF_Compute","1","3034"
"FGroomCacheUpdatePassCS","Global","SF_Compute","1","3587"
"FGroupShardSubFFTPassCS","Global","SF_Compute","1","5667"
"FHMDDistortionPS","Global","SF_Pixel","1","2695"
"FHMDDistortionVS","Global","SF_Vertex","1","2419"
"FHZBBuildCS","Global","SF_Compute","108","618277"
"FHZBBuildPS","Global","SF_Pixel","2","5055"
"FHZBTestPS","Global","SF_Pixel","1","5927"
"FHairAttributeDebugCS","Global","SF_Compute","1","10086"
"FHairCardsDeformationCS","Global","SF_Compute","2","9120"
"FHairClusterAABBCS","Global","SF_Compute","2","7755"
"FHairClusterCullArgsCS","Global","SF_Compute","1","2420"
"FHairClusterCullCS","Global","SF_Compute","5","22306"
"FHairCountToCoverageCS","Global","SF_Compute","2","4657"
"FHairCoverageLUTCS","Global","SF_Compute","1","1976"
"FHairCullSegmentCS","Global","SF_Compute","1","4845"
"FHairDOFDepthPS","Global","SF_Pixel","1","2469"
"FHairDebugPS","Global","SF_Pixel","1","4673"
"FHairDebugPrintCS","Global","SF_Compute","1","101821"
"FHairDebugPrintHairSkinCacheCS","Global","SF_Compute","1","22965"
"FHairDebugPrintInstanceCS","Global","SF_Compute","1","60597"
"FHairDebugPrintMemoryCS","Global","SF_Compute","1","89298"
"FHairDebugShadowCullingCS","Global","SF_Compute","1","27188"
"FHairEnvironmentAO","Global","SF_Pixel","2","12717"
"FHairEnvironmentLightingPS","Global","SF_Pixel","11","156336"
"FHairEnvironmentLightingVS","Global","SF_Vertex","1","2570"
"FHairFollicleMaskPS","Global","SF_Pixel","1","2355"
"FHairFollicleMaskVS","Global","SF_Vertex","2","5291"
"FHairHoldoutPS","Global","SF_Pixel","1","1595"
"FHairInitMeshSamplesCS","Global","SF_Compute","2","5286"
"FHairInterpolationCS","Global","SF_Compute","161","1180770"
"FHairLUTCS","Global","SF_Compute","2","7645"
"FHairLightSampleClearPS","Global","SF_Pixel","1","1811"
"FHairLightSampleClearVS","Global","SF_Vertex","1","2516"
"FHairMacroGroupAABBCS","Global","SF_Compute","1","4475"
"FHairMeshesInterpolateCS","Global","SF_Compute","1","2989"
"FHairPatchAttributeCS","Global","SF_Compute","2","5071"
"FHairPrintLODInfoCS","Global","SF_Compute","1","9600"
"FHairProjectionHairDebugCS","Global","SF_Compute","2","69609"
"FHairRaytracingGeometryCS","Global","SF_Compute","4","17290"
"FHairResourceTransitionPass","Global","SF_Compute","5","14044"
"FHairStrandCopyPositionCS","Global","SF_Compute","1","2264"
"FHairStrandTextureClearCS","Global","SF_Compute","1","2755"
"FHairStrandTextureCopyCS","Global","SF_Compute","1","2126"
"FHairStrandTextureDilationCS","Global","SF_Compute","1","3735"
"FHairStrandsClearTransmittanceMaskCS","Global","SF_Compute","1","1755"
"FHairStrandsDeepShadowMaskPS","Global","SF_Pixel","5","27141"
"FHairStrandsDeepShadowTransmittanceMaskCS","Global","SF_Compute","2","29378"
"FHairStrandsEmitDepthPS","Global","SF_Pixel","4","13615"
"FHairStrandsForwardRasterBinningCS","Global","SF_Compute","1","7567"
"FHairStrandsForwardRasterCompactionCS","Global","SF_Compute","1","4595"
"FHairStrandsForwardRasterDebugCS","Global","SF_Compute","1","13122"
"FHairStrandsForwardRasterPrepareDepthGridCS","Global","SF_Compute","1","2492"
"FHairStrandsForwardRasterRasterizeCS","Global","SF_Compute","2","34654"
"FHairStrandsPositionChangedCS","Global","SF_Compute","1","6612"
"FHairStrandsShadowDepthInjectionPS","Global","SF_Pixel","1","5671"
"FHairStrandsShadowDepthInjectionVS","Global","SF_Vertex","1","3125"
"FHairStrandsTextureCS","Global","SF_Compute","1","10113"
"FHairStrandsTexturePS","Global","SF_Pixel","1","2143"
"FHairStrandsTextureVS","Global","SF_Vertex","1","2847"
"FHairStrandsTileCopyArgsPassCS","Global","SF_Compute","1","2589"
"FHairStrandsTileDebugPassPS","Global","SF_Pixel","1","2110"
"FHairStrandsTileDebugPrintPassCS","Global","SF_Compute","1","11554"
"FHairStrandsTileGenerationPassCS","Global","SF_Compute","4","15224"
"FHairStrandsTilePassVS","Global","SF_Vertex","1","2366"
"FHairStrandsVoxelShadowMaskPS","Global","SF_Pixel","2","14605"
"FHairStrandsVoxelTransmittanceMaskCS","Global","SF_Compute","16","141027"
"FHairTangentCS","Global","SF_Compute","2","5994"
"FHairTileClearCS","Global","SF_Compute","1","2316"
"FHairTranscodeCS","Global","SF_Compute","2","5089"
"FHairUpdateMeshSamplesCS","Global","SF_Compute","1","2583"
"FHairUpdateMeshTriangleCS","Global","SF_Compute","4","19664"
"FHairUpdatePositionOffsetCS","Global","SF_Compute","4","7520"
"FHairVelocityCS","Global","SF_Compute","7","27975"
"FHairViewTransmittanceDepthPS","Global","SF_Pixel","2","2837"
"FHairVisibilityCompactionComputeRasterCS","Global","SF_Compute","4","19320"
"FHairVisibilityComposeSamplePS","Global","SF_Pixel","6","40825"
"FHairVisibilityControlPointIdCompactionCS","Global","SF_Compute","14","73181"
"FHairVisibilityDebugPPLLCS","Global","SF_Compute","1","8963"
"FHairVisibilityDepthPS","Global","SF_Pixel","4","11490"
"FHairVisibilityFastResolveMaskPS","Global","SF_Pixel","1","1981"
"FHairVisibilityFillOpaqueDepthPS","Global","SF_Pixel","1","1991"
"FHairVisibilityGBufferWritePS","Global","SF_Pixel","2","7712"
"FHardwareRayTraceLightSamplesCS","Global","SF_Compute","512","8741739"
"FHardwareRayTraceLightSamplesRGS","Global","SF_RayGen","166","2683598"
"FHardwareVideoDecodingPS","Global","SF_Pixel","1","3044"
"FHardwareVideoDecodingPassThroughPS","Global","SF_Pixel","1","2143"
"FHardwareVideoDecodingVS","Global","SF_Vertex","1","1754"
"FHardwareVideoDecodingY416PS","Global","SF_Pixel","1","2923"
"FHardwareVideoDecodingYCoCgAlphaPS","Global","SF_Pixel","1","2595"
"FHardwareVideoDecodingYCoCgPS","Global","SF_Pixel","1","2453"
"FHdrCustomResolve2xPS","Global","SF_Pixel","1","2250"
"FHdrCustomResolve4xPS","Global","SF_Pixel","1","2439"
"FHdrCustomResolve8xPS","Global","SF_Pixel","1","2664"
"FHdrCustomResolveFMask2xPS","Global","SF_Pixel","1","2264"
"FHdrCustomResolveFMask4xPS","Global","SF_Pixel","1","2445"
"FHdrCustomResolveFMask8xPS","Global","SF_Pixel","1","2261"
"FHdrCustomResolveVS","Global","SF_Vertex","1","1588"
"FHeightFogVS","Global","SF_Vertex","1","2490"
"FHeterogeneousVolumesCompositeCS","Global","SF_Compute","1","8518"
"FHeterogeneousVolumesFilterCS","Global","SF_Compute","3","8476"
"FHeterogeneousVolumesSparseVoxelMS","Global","SF_RayMiss","1","1448"
"FHeterogeneousVolumesSparseVoxelsHitGroup","Global","SF_RayHitGroup","1","4766"
"FHeterogeneousVolumesUpsampleCS","Global","SF_Compute","2","4668"
"FHiddenMaterialHitGroup","Global","SF_RayHitGroup","1","1967"
"FHistogramAtomicCS","Global","SF_Compute","6","29096"
"FHistogramAtomicConvertCS","Global","SF_Compute","1","2874"
"FHistogramCS","Global","SF_Compute","5","29754"
"FHistogramReducePS","Global","SF_Pixel","1","2885"
"FHitProxyCopyPS","Global","SF_Pixel","1","2769"
"FIESAtlasAddTextureCS","Global","SF_Compute","1","3157"
"FIESAtlasDebugInfoCS","Global","SF_Compute","1","9209"
"FIESLightProfilePS","Global","SF_Pixel","1","3064"
"FInitArgs_CS","Global","SF_Compute","6","17741"
"FInitClusterCullArgs_CS","Global","SF_Compute","1","2130"
"FInitCompactedTraceTexelIndirectArgsCS","Global","SF_Compute","1","2107"
"FInitDynamicMeshBoundsCS","Global","SF_Compute","1","2229"
"FInitFrontLayerTileIndirectArgsCS","Global","SF_Compute","1","1837"
"FInitIndirectArgs1DCS","Global","SF_Compute","1","2034"
"FInitIndirectArgsCS","Global","SF_Compute","1","1871"
"FInitInstanceHierarchyArgs_CS","Global","SF_Compute","2","3619"
"FInitNodeCullArgs_CS","Global","SF_Compute","1","2599"
"FInitPageFreeListCS","Global","SF_Compute","1","2002"
"FInitPageRectBoundsCS","Global","SF_Compute","1","2513"
"FInitPatchSplitArgs_CS","Global","SF_Compute","1","2586"
"FInitQueueCS","Global","SF_Compute","2","6062"
"FInitReflectionIndirectArgsCS","Global","SF_Compute","1","2108"
"FInitScreenProbeTileIndirectArgsCS","Global","SF_Compute","1","1833"
"FInitShadowTraceIndirectArgsCS","Global","SF_Compute","1","1953"
"FInitTileIndirectArgsCS","Global","SF_Compute","1","2120"
"FInitVisiblePatchesArgsCS","Global","SF_Compute","1","1904"
"FInitializeCardTileIndirectArgsCS","Global","SF_Compute","1","2020"
"FInitializeLightTileIndirectArgsCS","Global","SF_Compute","1","2715"
"FInitializePhysicalPagesIndirectCS","Global","SF_Compute","1","2789"
"FInjectAmbientCubemapPS","Global","SF_Pixel","1","2380"
"FInjectShadowedLocalLightPS","Global","SF_Pixel","80","967964"
"FInjectShadowedLocalLightRGS","Global","SF_RayGen","16","166319"
"FInstanceCull_CS","Global","SF_Compute","512","4939141"
"FInstanceCullingOcclusionQueryCS","Global","SF_Compute","4","37438"
"FInstanceCullingOcclusionQueryDebugPS","Global","SF_Pixel","1","1679"
"FInstanceCullingOcclusionQueryDebugVS","Global","SF_Vertex","1","8774"
"FInstanceCullingOcclusionQueryPS","Global","SF_Pixel","1","1945"
"FInstanceCullingOcclusionQueryVS","Global","SF_Vertex","2","9540"
"FInstanceHierarchyAppendUncullable_CS","Global","SF_Compute","1","2838"
"FInstanceHierarchyCellChunkCull_CS","Global","SF_Compute","8","89114"
"FInstanceHierarchyChunkCull_CS","Global","SF_Compute","12","118384"
"FInstanceHierarchySanitizeInstanceArgs_CS","Global","SF_Compute","1","1937"
"FInterpolateGroomGuidesCS","Global","SF_Compute","2","10097"
"FInterpolateIrradianceProbesToPixelsCS","Global","SF_Compute","4","39946"
"FInvalidateInstancePagesLoadBalancerCS","Global","SF_Compute","2","25126"
"FLUTBlenderCS","Global","SF_Compute","12","203180"
"FLUTInnerCS","Global","SF_Compute","2","25851"
"FLandscapeCopyTexturePS","Global","SF_Pixel","1","2715"
"FLandscapeCopyTextureVS","Global","SF_Vertex","1","1634"
"FLandscapeEditLayersHeightmapsGenerateMipsPS","Global","SF_Pixel","1","2761"
"FLandscapeEditLayersHeightmapsGenerateNormalsPS","Global","SF_Pixel","1","4603"
"FLandscapeEditLayersHeightmapsMergeEditLayerPS","Global","SF_Pixel","1","3060"
"FLandscapeEditLayersResolveLayerDataPS","Global","SF_Pixel","2","4272"
"FLandscapeEditLayersWeightmapsGenerateMipsPS","Global","SF_Pixel","1","2622"
"FLandscapeEditLayersWeightmapsMergeEditLayerPS","Global","SF_Pixel","1","6847"
"FLandscapeEditLayersWeightmapsPackWeightmapPS","Global","SF_Pixel","1","3120"
"FLandscapeEditLayersWeightmapsPerformFinalWeightBlendingPS","Global","SF_Pixel","1","3729"
"FLandscapeMergeTexturesPS","Global","SF_Pixel","2","4800"
"FLandscapePackRGBAChannelsPS","Global","SF_Pixel","1","2484"
"FLandscapeResampleMergedTexturePS","Global","SF_Pixel","2","5278"
"FLateZDummyPS","Global","SF_Pixel","1","1428"
"FLensFlareBlurPS","Global","SF_Pixel","1","2214"
"FLensFlareBlurVS","Global","SF_Vertex","1","3248"
"FLensFlareCompositePS","Global","SF_Pixel","1","2506"
"FLensFlareCopyBloomPS","Global","SF_Pixel","1","2020"
"FLightGridFeedbackStatusCS","Global","SF_Compute","1","2494"
"FLightGridInjectionCS","Global","SF_Compute","96","909141"
"FLocalFogVolumeTiledCullingCS","Global","SF_Compute","2","9205"
"FLocalFogVolumeTiledRenderPS","Global","SF_Pixel","2","12473"
"FLocalFogVolumeTiledRenderVS","Global","SF_Vertex","1","2772"
"FLongGPUTaskPS","Global","SF_Pixel","1","1682"
"FLumenCardBatchDirectLightingCS","Global","SF_Compute","8","68487"
"FLumenCardCombineLightingCS","Global","SF_Compute","1","4259"
"FLumenCardCopyPS","Global","SF_Pixel","9","35087"
"FLumenCardResamplePS","Global","SF_Pixel","1","4897"
"FLumenCopyFinalizedBackgroundVisibilityPS","Global","SF_Pixel","1","2052"
"FLumenDirectLightingHardwareRayTracingCS","Global","SF_Compute","64","463711"
"FLumenDirectLightingHardwareRayTracingIndirectArgsCS","Global","SF_Compute","1","2090"
"FLumenDirectLightingHardwareRayTracingRGS","Global","SF_RayGen","16","100874"
"FLumenDirectLightingShadowMaskFromLightAttenuationCS","Global","SF_Compute","40","351497"
"FLumenFinalizeBackgroundVisibilityCS","Global","SF_Compute","1","2677"
"FLumenHardwareRayTracingMaterialHitGroup","Global","SF_RayHitGroup","4","24451"
"FLumenHardwareRayTracingMaterialMS","Global","SF_RayMiss","1","1519"
"FLumenInitialSamplingRGS","Global","SF_RayGen","2","28472"
"FLumenRadianceCacheHardwareRayTracingCS","Global","SF_Compute","48","529170"
"FLumenRadianceCacheHardwareRayTracingIndirectArgsCS","Global","SF_Compute","4","8858"
"FLumenRadianceCacheHardwareRayTracingRGS","Global","SF_RayGen","20","292587"
"FLumenRadiosityConvertToSH","Global","SF_Compute","1","5669"
"FLumenRadiosityDistanceFieldTracingCS","Global","SF_Compute","12","144309"
"FLumenRadiosityHardwareRayTracingCS","Global","SF_Compute","24","377700"
"FLumenRadiosityHardwareRayTracingRGS","Global","SF_RayGen","6","74906"
"FLumenRadiosityIndirectArgsCS","Global","SF_Compute","1","2927"
"FLumenRadiosityIntegrateCS","Global","SF_Compute","8","89257"
"FLumenRadiositySpatialFilterProbeRadiance","Global","SF_Compute","8","133559"
"FLumenReflectionDenoiserClearCS","Global","SF_Compute","2","5971"
"FLumenReflectionDenoiserSpatialCS","Global","SF_Compute","12","87999"
"FLumenReflectionDenoiserTemporalCS","Global","SF_Compute","8","110144"
"FLumenReflectionHardwareRayTracingCS","Global","SF_Compute","208","4635532"
"FLumenReflectionHardwareRayTracingIndirectArgsCS","Global","SF_Compute","1","2046"
"FLumenReflectionHardwareRayTracingRGS","Global","SF_RayGen","132","3780888"
"FLumenReflectionResolveCS","Global","SF_Compute","60","701800"
"FLumenSceneCompactLightListCS","Global","SF_Compute","1","2394"
"FLumenSceneCompactLightOffsetCS","Global","SF_Compute","1","2402"
"FLumenSceneCompactLightSampleTracesCS","Global","SF_Compute","2","5819"
"FLumenSceneDebugHardwareRayTracingCS","Global","SF_Compute","2","21712"
"FLumenSceneDebugHardwareRayTracingRGS","Global","SF_RayGen","1","8361"
"FLumenSceneDenoiserTemporalCS","Global","SF_Compute","2","10202"
"FLumenSceneDirectLightingStatsCS","Global","SF_Compute","1","19859"
"FLumenSceneDirectLightingTraceDistanceFieldShadowsCS","Global","SF_Compute","38","291084"
"FLumenSceneEvaluateStandaloneLightCS","Global","SF_Compute","2","4845"
"FLumenSceneGenerateLightSamplesCS","Global","SF_Compute","24","336359"
"FLumenSceneLightingStatsCS","Global","SF_Compute","1","7502"
"FLumenSceneShadeLightSamplesCS","Global","SF_Compute","2","8864"
"FLumenSceneStatsCS","Global","SF_Compute","1","4870"
"FLumenSceneUpdateCS","Global","SF_Compute","1","3284"
"FLumenScreenProbeGatherHardwareRayTracingCS","Global","SF_Compute","64","1197618"
"FLumenScreenProbeGatherHardwareRayTracingIndirectArgsCS","Global","SF_Compute","1","2047"
"FLumenScreenProbeGatherHardwareRayTracingRGS","Global","SF_RayGen","32","710278"
"FLumenScreenProbeSubstrateDebugPass","Global","SF_Compute","1","10504"
"FLumenShortRangeAOHardwareRayTracing","Global","SF_RayGen","8","58294"
"FLumenTranslucencyVolumeHardwareRayTracingCS","Global","SF_Compute","8","138528"
"FLumenTranslucencyVolumeHardwareRayTracingRGS","Global","SF_RayGen","2","30476"
"FLumenValidateReservoirsRGS","Global","SF_RayGen","2","26538"
"FLumenVisualizeBucketRaysByMaterialIdCS","Global","SF_Compute","1","3593"
"FLumenVisualizeBucketRaysByMaterialIdIndirectArgsCS","Global","SF_Compute","1","1859"
"FLumenVisualizeCompactRaysCS","Global","SF_Compute","2","6538"
"FLumenVisualizeCompactRaysIndirectArgsCS","Global","SF_Compute","1","1824"
"FLumenVisualizeCreateRaysCS","Global","SF_Compute","1","2982"
"FLumenVisualizeCreateTilesCS","Global","SF_Compute","1","2437"
"FLumenVisualizeHardwareRayTracingCS","Global","SF_Compute","8","220272"
"FLumenVisualizeHardwareRayTracingRGS","Global","SF_RayGen","12","365395"
"FMSEEstimationCS","Global","SF_Compute","2","4894"
"FMarkCoarsePagesCS","Global","SF_Compute","1","4064"
"FMarkHeightfieldPagesCS","Global","SF_Compute","1","6408"
"FMarkProbesUsedByGBufferCS","Global","SF_Compute","2","8887"
"FMarkRadianceProbesUsedByHairStrandsCS","Global","SF_Compute","1","16837"
"FMarkRadianceProbesUsedByScreenProbesCS","Global","SF_Compute","1","4659"
"FMarkRadianceProbesUsedByTranslucencyVolumeCS","Global","SF_Compute","1","4735"
"FMarkRadianceProbesUsedByVisualizeCS","Global","SF_Compute","1","3407"
"FMarkTopLevelGridVoxelsForFrustumGrid","Global","SF_Compute","1","2952"
"FMaterialPrintInfoCS","Global","SF_Compute","1","65142"
"FMaxTexture3D","Global","SF_Compute","1","2279"
"FMediaShadersVS","Global","SF_Vertex","1","1690"
"FMegaLightHairTransmittanceCS","Global","SF_Compute","2","30726"
"FMegaLightsDebugCS","Global","SF_Compute","1","9353"
"FMegaLightsDisplayLightsCS","Global","SF_Compute","4","119546"
"FMegaLightsEstimateLightSamplingCostCS","Global","SF_Compute","3","15950"
"FMegaLightsIntersectDisplayedLightsCS","Global","SF_Compute","1","6413"
"FMegaLightsPostProcessVisualizePS","Global","SF_Pixel","1","4750"
"FMegaLightsSortLightsForDisplayCS","Global","SF_Compute","10","436262"
"FMegaLightsTileClassificationBuildListsCS","Global","SF_Compute","6","24398"
"FMegaLightsVisualizeCS","Global","SF_Compute","1","7859"
"FMegaLightsVisualizeHardwareRayTracingCS","Global","SF_Compute","8","126519"
"FMegaLightsVisualizeHardwareRayTracingRGS","Global","SF_RayGen","4","43121"
"FMemcpyCS","Global","SF_Compute","3","6618"
"FMemcpy_CS","Global","SF_Compute","1","1949"
"FMemsetBufferCS","Global","SF_Compute","3","5903"
"FMergeStaticPhysicalPagesIndirectCS","Global","SF_Compute","1","2596"
"FMeshSDFObjectCullPS","Global","SF_Pixel","16","117160"
"FMeshSDFObjectCullVS","Global","SF_Vertex","4","14669"
"FMitchellNetravaliDownsampleCS","Global","SF_Compute","2","14515"
"FModifyAlphaSwizzleRgbaPS","Global","SF_Pixel","3","6240"
"FMotionBlurFilterCS","Global","SF_Compute","10","73322"
"FMotionBlurFilterTileClassifyCS","Global","SF_Compute","2","8971"
"FMotionBlurVelocityDilateGatherCS","Global","SF_Compute","2","7561"
"FMotionBlurVelocityDilateScatterPS","Global","SF_Pixel","1","1495"
"FMotionBlurVelocityDilateScatterVS","Global","SF_Vertex","1","3192"
"FMotionBlurVelocityFlattenCS","Global","SF_Compute","2","13430"
"FMotionBlurVisualizePS","Global","SF_Pixel","1","6710"
"FMotionVectorSubtractCS","Global","SF_Compute","1","2434"
"FMotionVectorWorldOffsetVelocityResolveCS","Global","SF_Compute","2","6419"
"FNULLPS","Global","SF_Pixel","1","1322"
"FNV12ConvertAsBytesPS","Global","SF_Pixel","1","4338"
"FNV12ConvertPS","Global","SF_Pixel","1","4161"
"FNV21ConvertPS","Global","SF_Pixel","1","3239"
"FNaniteFeedbackStatusCS","Global","SF_Compute","1","2776"
"FNaniteMarkStencilPS","Global","SF_Pixel","1","2051"
"FNanitePickingCS","Global","SF_Compute","1","31381"
"FNaniteRayTracingAllocateBLASCS","Global","SF_Compute","2","8121"
"FNaniteRayTracingAllocateClusterCS","Global","SF_Compute","1","5445"
"FNaniteRayTracingCalculateReferenceErrorCS","Global","SF_Compute","1","8326"
"FNaniteRayTracingClampAllocatorCS","Global","SF_Compute","1","2524"
"FNaniteRayTracingDebugCS","Global","SF_Compute","1","17893"
"FNaniteRayTracingDebugHistogramCS","Global","SF_Compute","1","2386"
"FNaniteRayTracingFreeClusterCS","Global","SF_Compute","1","3988"
"FNaniteRayTracingGeometryClusterCutTraversalCS","Global","SF_Compute","2","9669"
"FNaniteRayTracingResetAllocatorCS","Global","SF_Compute","1","1947"
"FNaniteRayTracingStreamOutClusterCS","Global","SF_Compute","2","9419"
"FNaniteRayTracingStreamingTraversalCS","Global","SF_Compute","4","20022"
"FNaniteSkinningUpdateChunkCullCS","Global","SF_Compute","1","4191"
"FNaniteSkinningUpdateViewDataCS","Global","SF_Compute","1","5075"
"FNaniteStreamOutCS","Global","SF_Compute","1","5581"
"FNaniteStreamOutTraversalCS","Global","SF_Compute","5","25288"
"FNaniteVisualizeCS","Global","SF_Compute","1","27058"
"FNiagaraClearAsyncGpuTraceCS","Global","SF_Compute","1","1999"
"FNiagaraClearCountsIntCS","Global","SF_Compute","1","1962"
"FNiagaraClearCountsIntCS_Legacy","Global","SF_Compute","1","1962"
"FNiagaraClearCountsUIntCS","Global","SF_Compute","1","1988"
"FNiagaraClearCountsUIntCS_Legacy","Global","SF_Compute","1","1988"
"FNiagaraClearUAVCS","Global","SF_Compute","1","1942"
"FNiagaraCollisionRayTraceCH","Global","SF_RayHitGroup","1","4134"
"FNiagaraCollisionRayTraceCS","Global","SF_Compute","2","10053"
"FNiagaraCollisionRayTraceMiss","Global","SF_RayMiss","1","1491"
"FNiagaraCollisionRayTraceRG","Global","SF_RayGen","4","15863"
"FNiagaraCopySVTToDenseBufferCS","Global","SF_Compute","1","2718"
"FNiagaraDispatchIndirectArgsGenCS","Global","SF_Compute","1","2722"
"FNiagaraDrawIndirectArgsGenCS","Global","SF_Compute","2","5021"
"FNiagaraDrawIndirectResetCountsCS","Global","SF_Compute","1","1976"
"FNiagaraGPURayTracingTransformsCS","Global","SF_Compute","1","4304"
"FNiagaraGenerateMipsCS","Global","SF_Compute","4","10633"
"FNiagaraInitFreeIDBufferCS","Global","SF_Compute","1","1972"
"FNiagaraInstanceCountsInitCS","Global","SF_Compute","1","2004"
"FNiagaraLWCTileShiftPositionsCS","Global","SF_Compute","1","2620"
"FNiagaraNeighborQueryHistogramCS","Global","SF_Compute","1","1997"
"FNiagaraNeighborQueryPrefixSumLocalScanCS","Global","SF_Compute","1","3069"
"FNiagaraNeighborQueryPrefixSumPropagateCS","Global","SF_Compute","1","2327"
"FNiagaraNeighborQueryScatterCS","Global","SF_Compute","1","3215"
"FNiagaraRayMarchGlobalSdfCS","Global","SF_Compute","1","6449"
"FNiagaraRibbonAggregationApplyCS","Global","SF_Compute","2","5945"
"FNiagaraRibbonAggregationStepCS","Global","SF_Compute","3","10490"
"FNiagaraRibbonCreateIndexBufferCS","Global","SF_Compute","2","6041"
"FNiagaraRibbonCreateIndexBufferParamsCS","Global","SF_Compute","1","3810"
"FNiagaraRibbonSortPhase1CS","Global","SF_Compute","3","10427"
"FNiagaraRibbonSortPhase2CS","Global","SF_Compute","3","9772"
"FNiagaraRibbonUVParamCalculationCS","Global","SF_Compute","2","10548"
"FNiagaraRibbonVertexReductionFinalizeCS","Global","SF_Compute","2","8042"
"FNiagaraRibbonVertexReductionInitializationCS","Global","SF_Compute","3","17003"
"FNiagaraSimpleElement2DArrayAttribute","Global","SF_Pixel","1","3642"
"FNiagaraSimpleElementPS","Global","SF_Pixel","1","3014"
"FNiagaraSimpleElementVolumeAttribute","Global","SF_Pixel","1","3458"
"FNiagaraSortKeyGenCS","Global","SF_Compute","4","17774"
"FNiagaraUpdateCollisionGroupMapCS","Global","SF_Compute","1","2667"
"FNiagaraUpdateMeshGPUSceneInstancesCS","Global","SF_Compute","2","30228"
"FNodeAndClusterCull_CS","Global","SF_Compute","209","3666774"
"FNonLocalMeanFilteringCS","Global","SF_Compute","28","104483"
"FNonLocalMeanGetSqauredDistanceToAtlasCS","Global","SF_Compute","32","113587"
"FNonLocalMeanReshapeBufferCS","Global","SF_Compute","6","14352"
"FNonLocalMeanSeperableFilterPatchSqauredDistanceCS","Global","SF_Compute","10","26672"
"FNonLocalMeanWeightsCS","Global","SF_Compute","96","331729"
"FNormalizeRadianceVarianceByAlbedoCS","Global","SF_Compute","1","2335"
"FNormalizeTextureCS","Global","SF_Compute","1","1986"
"FOITPixelCombineCS","Global","SF_Compute","2","7425"
"FOITPixelDebugCS","Global","SF_Compute","1","10575"
"FOITSortTriangleIndex_AllocateCS","Global","SF_Compute","1","2061"
"FOITSortTriangleIndex_Debug","Global","SF_Compute","1","17530"
"FOITSortTriangleIndex_ScanCS","Global","SF_Compute","2","14800"
"FOITSortTriangleIndex_WriteOutCS","Global","SF_Compute","1","2397"
"FObjectCullPS","Global","SF_Pixel","2","15514"
"FObjectCullVS","Global","SF_Vertex","1","3380"
"FOcclusionCS","Global","SF_Compute","96","1472409"
"FOcclusionQueryPS","Global","SF_Pixel","1","1326"
"FOcclusionQueryVS","Global","SF_Vertex","1","2415"
"FOcclusionRGS","Global","SF_RayGen","192","3573676"
"FOculusAlphaInverseShader","Global","SF_Pixel","1","2116"
"FOculusBlackShader","Global","SF_Pixel","1","1365"
"FOculusCubemapPS","Global","SF_Pixel","1","2822"
"FOculusVertexShader","Global","SF_Vertex","1","1691"
"FOculusWhiteShader","Global","SF_Pixel","1","1369"
"FOneColorPS","Global","SF_Pixel","1","1747"
"FOnePassPointShadowProjectionPS1falsefalse","Global","SF_Pixel","1","4118"
"FOnePassPointShadowProjectionPS1falsetrue","Global","SF_Pixel","1","4144"
"FOnePassPointShadowProjectionPS1truefalse","Global","SF_Pixel","1","5840"
"FOnePassPointShadowProjectionPS2falsefalse","Global","SF_Pixel","1","4118"
"FOnePassPointShadowProjectionPS2falsetrue","Global","SF_Pixel","1","4144"
"FOnePassPointShadowProjectionPS2truefalse","Global","SF_Pixel","1","5840"
"FOnePassPointShadowProjectionPS3falsefalse","Global","SF_Pixel","1","4629"
"FOnePassPointShadowProjectionPS3falsetrue","Global","SF_Pixel","1","4720"
"FOnePassPointShadowProjectionPS3truefalse","Global","SF_Pixel","1","6274"
"FOnePassPointShadowProjectionPS4falsefalse","Global","SF_Pixel","1","5073"
"FOnePassPointShadowProjectionPS4falsetrue","Global","SF_Pixel","1","5187"
"FOnePassPointShadowProjectionPS4truefalse","Global","SF_Pixel","1","6787"
"FOnePassPointShadowProjectionPS5falsefalse","Global","SF_Pixel","1","6444"
"FOnePassPointShadowProjectionPS5falsetrue","Global","SF_Pixel","1","6593"
"FOnePassPointShadowProjectionPS5truefalse","Global","SF_Pixel","1","8083"
"FOpaqueRoughRefractionPS","Global","SF_Pixel","1","2034"
"FOpaqueShadowHitGroup","Global","SF_RayHitGroup","1","1707"
"FOutputCommandInstanceListsCs","Global","SF_Compute","1","2294"
"FP010ConvertAsUINT16sPS","Global","SF_Pixel","1","4308"
"FP010ConvertPS","Global","SF_Pixel","1","4154"
"FP010_2101010ConvertPS","Global","SF_Pixel","1","4481"
"FPCGGrassMapUnpackerCS","Global","SF_Compute","1","3563"
"FPCGRayTraceCS","Global","SF_Compute","1","4944"
"FPCGSceneWriterCS","Global","SF_Compute","1","4809"
"FPCGTextureDownsampleCS","Global","SF_Compute","12","30539"
"FPCGTextureReadbackCS","Global","SF_Compute","1","2633"
"FPackAvailablePagesCS","Global","SF_Compute","1","2698"
"FPackTwoForOneFFTPassCS","Global","SF_Compute","1","3166"
"FPackedMaterialClosestHitPayloadMS","Global","SF_RayMiss","1","1481"
"FPageFreeListReturnCS","Global","SF_Compute","1","2079"
"FPageFreeListReturnIndirectArgBufferCS","Global","SF_Compute","1","2195"
"FParticleBoundsCS","Global","SF_Compute","1","5275"
"FParticleCurveInjectionPS","Global","SF_Pixel","1","1506"
"FParticleCurveInjectionVS","Global","SF_Vertex","1","2359"
"FParticleInjectionVS","Global","SF_Vertex","1","2753"
"FParticleSimVisualizePS","Global","SF_Pixel","1","2560"
"FParticleSimVisualizeVS","Global","SF_Vertex","1","1992"
"FParticleSimulationClearPS","Global","SF_Pixel","1","1499"
"FParticleSortKeyGenCS","Global","SF_Compute","1","2922"
"FParticleTileVS","Global","SF_Vertex","1","2615"
"FPatchSplitCS","Global","SF_Compute","112","2599008"
"FPathTracingAdaptiveStartCS","Global","SF_Compute","1","2868"
"FPathTracingBuildAdaptiveErrorTextureCS","Global","SF_Compute","1","3338"
"FPathTracingBuildAtmosphereOpticalDepthLUTCS","Global","SF_Compute","1","3996"
"FPathTracingBuildLightGridCS","Global","SF_Compute","1","8843"
"FPathTracingCompositorPS","Global","SF_Pixel","1","5364"
"FPathTracingCopyDepthPS","Global","SF_Pixel","1","2495"
"FPathTracingDebugRG","Global","SF_RayGen","14","1093798"
"FPathTracingDefaultHiddenHitGroup","Global","SF_RayHitGroup","1","2856"
"FPathTracingDefaultMS","Global","SF_RayMiss","1","1552"
"FPathTracingDefaultOpaqueHitGroup","Global","SF_RayHitGroup","1","2657"
"FPathTracingHeterogeneousVolumesGetDensityBoundsCS","Global","SF_RayCallable","1","1555"
"FPathTracingHeterogeneousVolumesGetDensityCS","Global","SF_RayCallable","1","4239"
"FPathTracingHeterogeneousVolumesGetTransmittanceCS","Global","SF_RayCallable","1","6822"
"FPathTracingHeterogeneousVolumesIntersectCS","Global","SF_RayCallable","1","3795"
"FPathTracingHeterogeneousVolumesSampleDistanceCS","Global","SF_RayCallable","1","7648"
"FPathTracingInitExtinctionCoefficientRG","Global","SF_RayGen","2","8089"
"FPathTracingRG","Global","SF_RayGen","24","5697948"
"FPathTracingSkylightMISCompensationCS","Global","SF_Compute","1","2146"
"FPathTracingSkylightPrepareCS","Global","SF_Compute","1","2956"
"FPathTracingSwizzleScanlinesCS","Global","SF_Compute","1","2276"
"FPathTracingVolumetricCloudMaterialVisualize","Global","SF_RayCallable","1","13397"
"FPhysicsFieldRayMarchingCS","Global","SF_Compute","7","90446"
"FPixelShaderUtils::FRasterizeToRectsVS","Global","SF_Vertex","2","5360"
"FPlanarReflectionPS","Global","SF_Pixel","1","5012"
"FPopulateCompositeDepthPS","Global","SF_Pixel","5","14414"
"FPostProcessBenchmarkPS0","Global","SF_Pixel","1","3164"
"FPostProcessBenchmarkPS1","Global","SF_Pixel","1","2549"
"FPostProcessBenchmarkPS2","Global","SF_Pixel","1","2652"
"FPostProcessBenchmarkPS3","Global","SF_Pixel","1","2130"
"FPostProcessBenchmarkPS4","Global","SF_Pixel","1","2677"
"FPostProcessBenchmarkPS5","Global","SF_Pixel","1","1393"
"FPostProcessBenchmarkVS0","Global","SF_Vertex","1","2285"
"FPostProcessBenchmarkVS1","Global","SF_Vertex","1","1966"
"FPostProcessBenchmarkVS2","Global","SF_Vertex","1","1578"
"FPrepareProbeOcclusionCS","Global","SF_Compute","2","8648"
"FPrepassGenerateTextureCS","Global","SF_Compute","1","2379"
"FPrimitiveFilter_CS","Global","SF_Compute","4","10547"
"FPrintStatsCS","Global","SF_Compute","11","91411"
"FPrintTraceStatsCS","Global","SF_Compute","1","7122"
"FProcessInvalidationQueueGPUCS","Global","SF_Compute","2","20824"
"FProcessPrevFramePerfDataCS","Global","SF_Compute","1","2743"
"FPropagateFilterableRequestsCS","Global","SF_Compute","1","4506"
"FPropagateMappedMipsCS","Global","SF_Compute","1","4689"
"FPropagateMipDistanceCS","Global","SF_Compute","2","7793"
"FPruneLightGridCS","Global","SF_Compute","1","3233"
"FRDGMemcpyCS","Global","SF_Compute","6","13336"
"FRDGMemsetBufferCS","Global","SF_Compute","6","11858"
"FRDGScatterCopyCS","Global","SF_Compute","7","16372"
"FRGB10toYUVv210ConvertPS","Global","SF_Pixel","1","4584"
"FRGB8toUYVY8ConvertPS","Global","SF_Pixel","1","3136"
"FRGB8toY8ConvertPS","Global","SF_Pixel","1","2835"
"FRGBConvertPS","Global","SF_Pixel","1","3956"
"FRadianceCacheCompactTracesCS","Global","SF_Compute","2","6655"
"FRadianceCacheTraceFromProbesCS","Global","SF_Compute","8","123806"
"FRadianceCacheUpdateStatsCS","Global","SF_Compute","1","9453"
"FRadixSortClearOffsetsCS","Global","SF_Compute","1","1626"
"FRadixSortDownsweepCS","Global","SF_Compute","1","13504"
"FRadixSortSpineCS","Global","SF_Compute","1","3961"
"FRadixSortUpsweepCS","Global","SF_Compute","1","3354"
"FRasterBinBuild_CS","Global","SF_Compute","18","181151"
"FRasterBinFinalize_CS","Global","SF_Compute","1","2660"
"FRasterClearCS","Global","SF_Compute","8","15767"
"FRasterGroupInit_CS","Global","SF_Compute","1","1908"
"FRasterGroupReserve_CS","Global","SF_Compute","1","3149"
"FRasterizeToCardsVS","Global","SF_Vertex","1","3001"
"FRayCastTilesCS","Global","SF_Compute","1","4907"
"FRayTraceDirectionalLightVolumeShadowMapRGS","Global","SF_RayGen","1","5925"
"FRayTracedTranslucencyHardwareRayTracingRGS","Global","SF_RayGen","4","130828"
"FRayTracingAmbientOcclusionRGS","Global","SF_RayGen","4","30364"
"FRayTracingBarycentricsCHS","Global","SF_RayHitGroup","1","1771"
"FRayTracingBarycentricsCS","Global","SF_Compute","2","7046"
"FRayTracingBarycentricsRGS","Global","SF_RayGen","3","12661"
"FRayTracingBuildDecalGridCS","Global","SF_Compute","1","4039"
"FRayTracingBuildInstanceBufferCS","Global","SF_Compute","108","559210"
"FRayTracingBuildLightGridCS","Global","SF_Compute","1","8684"
"FRayTracingDebugBlendInstanceOverlapPS","Global","SF_Pixel","1","2628"
"FRayTracingDebugCHS","Global","SF_RayHitGroup","2","10892"
"FRayTracingDebugCS","Global","SF_Compute","1","10108"
"FRayTracingDebugConvertToDeviceDepthPS","Global","SF_Pixel","1","1945"
"FRayTracingDebugHitStatsCHS","Global","SF_RayHitGroup","1","3070"
"FRayTracingDebugHitStatsRGS","Global","SF_RayGen","1","3708"
"FRayTracingDebugInstanceOverlapPS","Global","SF_Pixel","1","1455"
"FRayTracingDebugInstanceOverlapVS","Global","SF_Vertex","1","5278"
"FRayTracingDebugMS","Global","SF_RayMiss","1","1460"
"FRayTracingDebugRGS","Global","SF_RayGen","3","21885"
"FRayTracingDebugTraversalCS","Global","SF_Compute","2","10227"
"FRayTracingDispatchDescCS","Global","SF_Compute","1","2230"
"FRayTracingGeometryClusterCutInitQueueCS","Global","SF_Compute","2","8770"
"FRayTracingLightingMS","Global","SF_RayMiss","1","45108"
"FRayTracingPickingCS","Global","SF_Compute","1","3873"
"FRayTracingPickingRGS","Global","SF_RayGen","1","4214"
"FRayTracingPrimaryRaysRGS","Global","SF_RayGen","2","70959"
"FRayTracingProcessFeedbackCS","Global","SF_Compute","1","2370"
"FRayTracingSceneHitStatsDebugRenderCS","Global","SF_Compute","1","4212"
"FRayTracingSkyLightRGS","Global","SF_RayGen","16","252713"
"FRayTracingStreamingInitQueueCS","Global","SF_Compute","2","6736"
"FRayTracingUpdateGeometryHitCountCS","Global","SF_Compute","1","2674"
"FRayTracingValidateGeometryBuildParamsCS","Global","SF_Compute","1","3645"
"FRayTracingValidateSceneBuildParamsCS","Global","SF_Compute","1","3536"
"FReadTextureExternalPS","Global","SF_Pixel","1","2769"
"FRecomputeTangentsPerTriangleCS","Global","SF_Compute","2","9219"
"FRecomputeTangentsPerVertexCS","Global","SF_Compute","2","5812"
"FReconstructVolumetricRenderTargetPS","Global","SF_Pixel","20","179932"
"FRectAtlasAddTexturePS","Global","SF_Pixel","1","3833"
"FRectAtlasCopyTexturePS","Global","SF_Pixel","1","2671"
"FRectAtlasFilterTexturePS","Global","SF_Pixel","1","4656"
"FRectLightAtlasDebugInfoCS","Global","SF_Compute","1","10215"
"FRectLightAtlasVS","Global","SF_Vertex","1","2976"
"FRefPoseTransformProviderCS","Global","SF_Compute","1","2159"
"FRefineSparseVoxels","Global","SF_Compute","1","3369"
"FReflectionClearNeighborTileCS","Global","SF_Compute","1","2786"
"FReflectionClearTracesCS","Global","SF_Compute","3","6978"
"FReflectionClearUnusedTraceTileDataCS","Global","SF_Compute","1","2266"
"FReflectionCompactTracesCS","Global","SF_Compute","30","112820"
"FReflectionEnvironmentSkyLightingPS","Global","SF_Pixel","448","6726934"
"FReflectionGenerateRaysCS","Global","SF_Compute","4","26011"
"FReflectionSortTracesByMaterialCS","Global","SF_Compute","2","5955"
"FReflectionTileClassificationBuildListsCS","Global","SF_Compute","4","13194"
"FReflectionTraceMeshSDFsCS","Global","SF_Compute","32","614520"
"FReflectionTraceScreenTexturesCS","Global","SF_Compute","4","36604"
"FReflectionTraceVoxelsCS","Global","SF_Compute","96","2015165"
"FRenderCameraAerialPerspectiveVolumeCS","Global","SF_Compute","64","744959"
"FRenderComponentIdPS","Global","SF_Pixel","1","2027"
"FRenderDebugSkyAtmospherePS","Global","SF_Pixel","1","7859"
"FRenderDistantSkyLightLutCS","Global","SF_Compute","2","11482"
"FRenderLightingCacheWithPreshadingCS","Global","SF_Compute","4","54806"
"FRenderLightingCacheWithPreshadingRGS","Global","SF_RayGen","2","18067"
"FRenderMultiScatteredLuminanceLutCS","Global","SF_Compute","2","11754"
"FRenderRealTimeReflectionHeightFogPS","Global","SF_Pixel","2","10165"
"FRenderRealTimeReflectionHeightFogVS","Global","SF_Vertex","1","2538"
"FRenderSeparateCompositionTexturesCS","Global","SF_Compute","64","553684"
"FRenderSingleScatteringWithPreshadingCS","Global","SF_Compute","5","104641"
"FRenderSingleScatteringWithPreshadingRGS","Global","SF_RayGen","3","53972"
"FRenderSkyAtmospherePS","Global","SF_Pixel","69","814748"
"FRenderSkyAtmosphereVS","Global","SF_Vertex","1","1912"
"FRenderSkyViewLutCS","Global","SF_Compute","32","312131"
"FRenderTransmittanceLutCS","Global","SF_Compute","1","3308"
"FRenderTransmittanceWithVoxelGridCS","Global","SF_Compute","9","70284"
"FRenderVolumetricShadowMapForLightWithVoxelGridCS","Global","SF_Compute","2","19556"
"FRenderVolumetricShadowMaskCS","Global","SF_Compute","2","14979"
"FReorderFFTPassCS","Global","SF_Compute","1","3643"
"FResampleLightingHistoryToCardCaptureAtlasCS","Global","SF_Compute","6","33003"
"FRescaleVariableRateShadingCS","Global","SF_Compute","1","4256"
"FResetPhysicsFieldClipmapCS","Global","SF_Compute","1","2896"
"FResolveAttachmentsCS","Global","SF_Compute","1","8993"
"FResolveDepth2XPS","Global","SF_Pixel","1","2056"
"FResolveDepth4XPS","Global","SF_Pixel","1","2110"
"FResolveDepth8XPS","Global","SF_Pixel","1","2116"
"FResolveDepthPS","Global","SF_Pixel","1","2198"
"FResolveSingleSamplePS","Global","SF_Pixel","1","2317"
"FResolveVS","Global","SF_Vertex","1","2081"
"FSHCoefficientsToCubemapCS","Global","SF_Compute","1","2918"
"FSMAABlendingWeightCalculationPS","Global","SF_Pixel","3","16625"
"FSMAABlendingWeightCalculationVS","Global","SF_Vertex","4","10594"
"FSMAADebugVisualizationPS","Global","SF_Pixel","1","2963"
"FSMAADebugVisualizationVS","Global","SF_Vertex","1","2340"
"FSMAAEdgeDetectionPS","Global","SF_Pixel","3","11582"
"FSMAAEdgeDetectionVS","Global","SF_Vertex","1","2504"
"FSMAANeighborhoodBlendingPS","Global","SF_Pixel","2","6327"
"FSMAANeighborhoodBlendingVS","Global","SF_Vertex","1","2340"
"FSSDCompressMetadataCS","Global","SF_Compute","2","6507"
"FSSDInjestCS","Global","SF_Compute","4","17425"
"FSSDSpatialAccumulationCS","Global","SF_Compute","35","274346"
"FSSDTemporalAccumulationCS","Global","SF_Compute","10","145331"
"FSSRTDiffuseTileClassificationCS","Global","SF_Compute","1","5160"
"FSSRTPrevFrameReductionCS","Global","SF_Compute","4","21336"
"FSSRTileCategorisationMarkCS","Global","SF_Compute","2","6822"
"FSSRTileClassificationBuildListsCS","Global","SF_Compute","1","3095"
"FSSSDownsampleSceneColorCS","Global","SF_Compute","1","2575"
"FSSSTileCategorisationMarkCS","Global","SF_Compute","2","10236"
"FSSSTileClassificationBuildListsCS","Global","SF_Compute","1","2828"
"FSSSUpsampleSceneColorCS","Global","SF_Compute","4","11346"
"FScatterCopyCS","Global","SF_Compute","4","9145"
"FScatterResolveCS","Global","SF_Compute","1","2659"
"FScatterScreenProbeBRDFToRadianceProbesCS","Global","SF_Compute","1","4607"
"FScatterUpdates_CS","Global","SF_Compute","1","2240"
"FScatterUploadDistanceFieldAtlasCS","Global","SF_Compute","1","2405"
"FScatterUploadDistanceFieldIndirectionAtlasCS","Global","SF_Compute","1","2319"
"FScatterVoxelsCS","Global","SF_Compute","1","3103"
"FSceneCapturePS","Global","SF_Pixel","8","19550"
"FSceneCullingDebugRender_CS","Global","SF_Compute","1","13864"
"FScreenPS","Global","SF_Pixel","1","2105"
"FScreenPSArraySlice","Global","SF_Pixel","1","2305"
"FScreenPSInvertAlpha","Global","SF_Pixel","1","2155"
"FScreenPSMipLevel","Global","SF_Pixel","1","2328"
"FScreenPS_OSE","Global","SF_Pixel","1","2105"
"FScreenPSsRGBSource","Global","SF_Pixel","1","2265"
"FScreenPSsRGBSourceMipLevel","Global","SF_Pixel","1","2489"
"FScreenPassVS","Global","SF_Vertex","1","2305"
"FScreenProbeAdaptivePlacementMarkCS","Global","SF_Compute","3","18161"
"FScreenProbeAdaptivePlacementSpawnCS","Global","SF_Compute","3","28967"
"FScreenProbeCalculateMovingCS","Global","SF_Compute","3","10150"
"FScreenProbeCompactTracesCS","Global","SF_Compute","2","6923"
"FScreenProbeCompositeTracesWithScatterCS","Global","SF_Compute","12","72081"
"FScreenProbeComputeLightingProbabilityDensityFunctionCS","Global","SF_Compute","12","103982"
"FScreenProbeConvertToIrradianceCS","Global","SF_Compute","24","162666"
"FScreenProbeDownsampleDepthUniformCS","Global","SF_Compute","1","5376"
"FScreenProbeFilterGatherTracesCS","Global","SF_Compute","4","30114"
"FScreenProbeFixupBordersCS","Global","SF_Compute","1","3447"
"FScreenProbeGatherDebugCS","Global","SF_Compute","1","11930"
"FScreenProbeGatherScreenDataCS","Global","SF_Compute","3","21023"
"FScreenProbeGenerateMipLevelCS","Global","SF_Compute","1","3010"
"FScreenProbeGenerateRaysCS","Global","SF_Compute","6","28199"
"FScreenProbeIntegrateCS","Global","SF_Compute","512","9562458"
"FScreenProbeIntegrateClearUnusedTileDataCS","Global","SF_Compute","2","5011"
"FScreenProbeSetupVisualizeTracesCS","Global","SF_Compute","2","11323"
"FScreenProbeTemporalReprojectionCS","Global","SF_Compute","120","864041"
"FScreenProbeTemporallyAccumulateTraceRadianceCS","Global","SF_Compute","1","6423"
"FScreenProbeTileClassificationBuildListsCS","Global","SF_Compute","4","14586"
"FScreenProbeTraceMeshSDFsCS","Global","SF_Compute","64","1381144"
"FScreenProbeTraceScreenTexturesCS","Global","SF_Compute","80","990379"
"FScreenProbeTraceVoxelsCS","Global","SF_Compute","48","922676"
"FScreenSpaceCastStandaloneRayCS","Global","SF_Compute","4","28177"
"FScreenSpaceRayTraceLightSamplesCS","Global","SF_Compute","4","60557"
"FScreenSpaceReflectionsCS","Global","SF_Compute","10","66627"
"FScreenSpaceReflectionsPS","Global","SF_Pixel","10","66286"
"FScreenSpaceReflectionsStencilPS","Global","SF_Pixel","2","6321"
"FScreenSpaceReflectionsTileVS","Global","SF_Vertex","1","2521"
"FScreenSpaceShadowsBendCS","Global","SF_Compute","3","18988"
"FScreenSpaceShadowsCS","Global","SF_Compute","1","4863"
"FScreenSpaceShadowsUpsamplePS","Global","SF_Pixel","2","6403"
"FScreenSpaceShortRangeAOCS","Global","SF_Compute","160","2666006"
"FScreenTileClassificationCS","Global","SF_Compute","1","4569"
"FScreenVS","Global","SF_Vertex","1","2233"
"FScreenVertexShaderVS","Global","SF_Vertex","1","1560"
"FScrollingShadowMaps2DPS","Global","SF_Pixel","1","2513"
"FSelectMaxPriorityBucketCS","Global","SF_Compute","1","2220"
"FSelectMaxUpdateBucketCS","Global","SF_Compute","1","2402"
"FSelectPagesForHZBAndUpdateDirtyFlagsCS","Global","SF_Compute","2","6871"
"FSelectPagesToInitializeCS","Global","SF_Compute","2","6249"
"FSelectPagesToPostProcessCS","Global","SF_Compute","2","6532"
"FSelectionOutlinePS","Global","SF_Pixel","8","82987"
"FSetCardPageIndexIndirectArgsCS","Global","SF_Compute","1","2769"
"FSetRasterizeBottomLevelGridIndirectArgs","Global","SF_Compute","1","2065"
"FSetupAdaptiveProbeIndirectArgsCS","Global","SF_Compute","1","2642"
"FSetupCompactedTracesIndirectArgsCS","Global","SF_Compute","1","2117"
"FSetupCompactionIndirectArgsCS","Global","SF_Compute","1","2124"
"FSetupExposureIlluminanceCS","Global","SF_Compute","1","2294"
"FSetupLogLuminanceCS","Global","SF_Compute","1","2776"
"FSetupMotionBlurFilterCS","Global","SF_Compute","1","1863"
"FSetupProbeIndirectArgsCS","Global","SF_Compute","1","3008"
"FSetupReflectionCompactedTracesIndirectArgsCS","Global","SF_Compute","1","2249"
"FSetupTraceFromProbesCS","Global","SF_Compute","1","2353"
"FShadeLightSamplesCS","Global","SF_Compute","324","11534236"
"FShaderBuildIndirectDispatchArgsCS","Global","SF_Compute","1","2255"
"FShaderBuildIndirectDrawArgsCS","Global","SF_Compute","1","2123"
"FShaderBuildSymbolBufferCS","Global","SF_Compute","1","8855"
"FShaderCompactStateBufferCS","Global","SF_Compute","1","2307"
"FShaderDrawDebugCopyCS","Global","SF_Compute","1","2326"
"FShaderDrawDebugPS","Global","SF_Pixel","1","2786"
"FShaderDrawDebugVS","Global","SF_Vertex","2","6475"
"FShaderDrawSymbolsPS","Global","SF_Pixel","1","3340"
"FShaderDrawSymbolsVS","Global","SF_Vertex","1","3311"
"FShaderPrintClearCounterCS","Global","SF_Compute","1","1578"
"FShaderPrintCopyCS","Global","SF_Compute","1","1068"
"FShaderPrintUploadCS","Global","SF_Compute","1","1078"
"FShaderZoomCS","Global","SF_Compute","1","2953"
"FShader_VirtualTextureCompress_CS< ERuntimeVirtualTextureMaterialType::BaseColor >","Global","SF_Compute","4","18937"
"FShader_VirtualTextureCompress_CS< ERuntimeVirtualTextureMaterialType::BaseColor_Normal_Roughness >","Global","SF_Compute","4","29080"
"FShader_VirtualTextureCompress_CS< ERuntimeVirtualTextureMaterialType::BaseColor_Normal_Specular >","Global","SF_Compute","4","36569"
"FShader_VirtualTextureCompress_CS< ERuntimeVirtualTextureMaterialType::BaseColor_Normal_Specular_Mask_YCoCg >","Global","SF_Compute","4","47799"
"FShader_VirtualTextureCompress_CS< ERuntimeVirtualTextureMaterialType::BaseColor_Normal_Specular_YCoCg >","Global","SF_Compute","4","43658"
"FShader_VirtualTextureCompress_CS< ERuntimeVirtualTextureMaterialType::Displacement >","Global","SF_Compute","4","15328"
"FShader_VirtualTextureCompress_CS< ERuntimeVirtualTextureMaterialType::Mask4 >","Global","SF_Compute","4","22952"
"FShader_VirtualTextureCopy_PS< ERuntimeVirtualTextureMaterialType::BaseColor >","Global","SF_Pixel","1","2159"
"FShader_VirtualTextureCopy_PS< ERuntimeVirtualTextureMaterialType::BaseColor_Normal_Specular >","Global","SF_Pixel","1","2459"
"FShader_VirtualTextureCopy_PS< ERuntimeVirtualTextureMaterialType::BaseColor_Normal_Specular_Mask_YCoCg >","Global","SF_Pixel","1","2668"
"FShader_VirtualTextureCopy_PS< ERuntimeVirtualTextureMaterialType::BaseColor_Normal_Specular_YCoCg >","Global","SF_Pixel","1","2662"
"FShader_VirtualTextureCopy_PS< ERuntimeVirtualTextureMaterialType::Mask4 >","Global","SF_Pixel","1","2263"
"FShader_VirtualTextureCopy_PS< ERuntimeVirtualTextureMaterialType::WorldHeight >","Global","SF_Pixel","1","2163"
"FShader_VirtualTextureCopy_VS","Global","SF_Vertex","1","1613"
"FShadingBinBuildCS","Global","SF_Compute","12","107051"
"FShadingBinReserveCS","Global","SF_Compute","2","6368"
"FShadingBinValidateCS","Global","SF_Compute","1","2665"
"FShadowCasterBoundsPS","Global","SF_Pixel","4","25083"
"FShadowCasterBoundsVS","Global","SF_Vertex","1","5846"
"FShadowObjectCullPS","Global","SF_Pixel","6","31149"
"FShadowObjectCullVS","Global","SF_Vertex","2","7083"
"FShadowProjectionNoTransformVS","Global","SF_Vertex","1","1562"
"FShadowProjectionPS1falsefalsefalse","Global","SF_Pixel","1","4773"
"FShadowProjectionPS1falsefalsetrue","Global","SF_Pixel","1","3537"
"FShadowProjectionPS1falsetruefalse","Global","SF_Pixel","1","6200"
"FShadowProjectionPS1truefalsefalse","Global","SF_Pixel","1","4821"
"FShadowProjectionPS1truetruefalse","Global","SF_Pixel","1","6212"
"FShadowProjectionPS2falsefalsefalse","Global","SF_Pixel","1","5114"
"FShadowProjectionPS2falsefalsetrue","Global","SF_Pixel","1","3711"
"FShadowProjectionPS2falsetruefalse","Global","SF_Pixel","1","6448"
"FShadowProjectionPS2truefalsefalse","Global","SF_Pixel","1","5154"
"FShadowProjectionPS2truetruefalse","Global","SF_Pixel","1","6444"
"FShadowProjectionPS3falsefalsefalse","Global","SF_Pixel","1","6005"
"FShadowProjectionPS3falsefalsetrue","Global","SF_Pixel","1","4066"
"FShadowProjectionPS3falsetruefalse","Global","SF_Pixel","1","7318"
"FShadowProjectionPS3truefalsefalse","Global","SF_Pixel","1","6020"
"FShadowProjectionPS3truetruefalse","Global","SF_Pixel","1","7377"
"FShadowProjectionPS4falsefalsefalse","Global","SF_Pixel","1","7074"
"FShadowProjectionPS4falsefalsetrue","Global","SF_Pixel","1","4510"
"FShadowProjectionPS4falsetruefalse","Global","SF_Pixel","1","8416"
"FShadowProjectionPS4truefalsefalse","Global","SF_Pixel","1","7100"
"FShadowProjectionPS4truetruefalse","Global","SF_Pixel","1","8393"
"FShadowProjectionPS5falsefalsefalse","Global","SF_Pixel","1","7074"
"FShadowProjectionPS5falsefalsetrue","Global","SF_Pixel","1","4510"
"FShadowProjectionPS5falsetruefalse","Global","SF_Pixel","1","8416"
"FShadowProjectionPS5truefalsefalse","Global","SF_Pixel","1","7100"
"FShadowProjectionPS5truetruefalse","Global","SF_Pixel","1","8393"
"FShadowTileVS","Global","SF_Vertex","2","5039"
"FShadowVolumeBoundProjectionVS","Global","SF_Vertex","1","2731"
"FSimpleElementAlphaOnlyPS","Global","SF_Pixel","1","2403"
"FSimpleElementColorChannelMaskPS","Global","SF_Pixel","1","2755"
"FSimpleElementDistanceFieldGammaPS","Global","SF_Pixel","1","3782"
"FSimpleElementGammaAlphaOnlyPS","Global","SF_Pixel","1","2896"
"FSimpleElementGammaPS_Linear","Global","SF_Pixel","1","3049"
"FSimpleElementGammaPS_SRGB","Global","SF_Pixel","1","3049"
"FSimpleElementHitProxyPS","Global","SF_Pixel","1","2264"
"FSimpleElementMaskedGammaPS_Linear","Global","SF_Pixel","1","3140"
"FSimpleElementMaskedGammaPS_SRGB","Global","SF_Pixel","1","3140"
"FSimpleElementNormalMapPS","Global","SF_Pixel","1","2293"
"FSimpleElementPS","Global","SF_Pixel","1","2779"
"FSimpleElementTexture2DPreviewPS","Global","SF_Pixel","3","13113"
"FSimpleElementVS","Global","SF_Vertex","1","2847"
"FSimpleLightTranslucentLightingInjectPS","Global","SF_Pixel","1","3263"
"FSimulationShaderDefaultCS","Global","SF_Compute","1","35297"
"FSingleLayerWaterCompositePS","Global","SF_Pixel","4","32575"
"FSingleLayerWaterRefractionCullingPS","Global","SF_Pixel","2","4473"
"FSingleLayerWaterRefractionMaskPS","Global","SF_Pixel","1","3879"
"FSkinUpdateCS","Global","SF_Compute","18","74274"
"FSkinnedMeshDrawLinePS","Global","SF_Pixel","1","1555"
"FSkinnedMeshDrawLineVS","Global","SF_Vertex","1","5416"
"FSlateDebugBatchingPS","Global","SF_Pixel","1","2107"
"FSlateDebugOverdrawPS","Global","SF_Pixel","1","1741"
"FSlateElementVS","Global","SF_Vertex","1","3187"
"FSlateMaskingPS","Global","SF_Pixel","1","1393"
"FSlateMaskingVS","Global","SF_Vertex","1","2014"
"FSlatePostProcessBlurPS","Global","SF_Pixel","1","3212"
"FSlatePostProcessColorDeficiencyPS","Global","SF_Pixel","1","5292"
"FSlatePostProcessDirectResamplePS","Global","SF_Pixel","1","2369"
"FSlatePostProcessOptimizedKawaseUpsamplePS","Global","SF_Pixel","1","3165"
"FSlatePostProcessResample2x2PS","Global","SF_Pixel","1","2657"
"FSlatePostProcessUpsamplePS","Global","SF_Pixel","3","9125"
"FSoftwareRayTraceLightSamplesCS","Global","SF_Compute","4","60690"
"FSortProbeTraceTilesCS","Global","SF_Compute","1","2791"
"FSparseVolumeTextureUpdateFromSparseBufferCS","Global","SF_Compute","3","9956"
"FSparseVolumeTextureUpdatePageTableCS","Global","SF_Compute","1","2100"
"FSpatialDenoiserCS","Global","SF_Compute","1","2125"
"FSpatialResamplingCS","Global","SF_Compute","1","7927"
"FSpecularProfileConvolveCS","Global","SF_Compute","4","13652"
"FSpecularProfileCopyCS","Global","SF_Compute","4","9083"
"FSplatRadianceCacheIntoAtlasCS","Global","SF_Compute","6","30351"
"FSpliceCardPagesIntoTilesCS","Global","SF_Compute","1","2975"
"FSplineMeshTextureFillCS","Global","SF_Compute","1","4453"
"FStereoLayerPS","Global","SF_Pixel","1","2294"
"FStereoLayerPS_External","Global","SF_Pixel","1","2313"
"FStereoLayerVS","Global","SF_Vertex","1","2432"
"FStochasticLightingTileClassificationMarkCS","Global","SF_Compute","279","2691486"
"FSubstrateDBufferPassPS","Global","SF_Pixel","1","2899"
"FSubstrateMaterialStencilTaggingPassPS","Global","SF_Pixel","1","2089"
"FSubstrateMaterialTileClassificationPassCS","Global","SF_Compute","4","16890"
"FSubstrateMaterialTilePrepareArgsPassCS","Global","SF_Compute","1","1829"
"FSubstrateSystemInfoCS","Global","SF_Compute","1","2377"
"FSubstrateTilePassVS","Global","SF_Vertex","8","24343"
"FSubsurfaceBuildIndirectDispatchArgsCS","Global","SF_Compute","1","2359"
"FSubsurfaceDebugCS","Global","SF_Compute","3","51226"
"FSubsurfaceDiffuseInitPassPS","Global","SF_Pixel","1","1496"
"FSubsurfaceIndirectDispatchCS","Global","SF_Compute","35","278107"
"FSubsurfaceIndirectDispatchSetupCS","Global","SF_Compute","42","217206"
"FSubsurfaceInitValueBufferCS","Global","SF_Compute","1","1632"
"FSubsurfaceRecombineCopyPS","Global","SF_Pixel","1","2191"
"FSubsurfaceRecombinePS","Global","SF_Pixel","9","37180"
"FSubsurfaceSRVResolvePS","Global","SF_Pixel","1","2117"
"FSubsurfaceTileBuildIndirectDispatchArgsCS","Global","SF_Compute","1","2323"
"FSubsurfaceTileFallbackScreenPassVS","Global","SF_Vertex","1","2337"
"FSubsurfaceTilePassVS","Global","SF_Vertex","1","2501"
"FSubsurfaceViewportCopyPS","Global","SF_Pixel","1","2117"
"FSubsurfaceVisualizePS","Global","SF_Pixel","1","4429"
"FTSRClearPrevTexturesCS","Global","SF_Compute","1","2269"
"FTSRDecimateHistoryCS","Global","SF_Compute","32","329683"
"FTSRDetectThinGeometryCS","Global","SF_Compute","42","425566"
"FTSRDilateVelocityCS","Global","SF_Compute","6","107143"
"FTSRMeasureFlickeringLumaCS","Global","SF_Compute","1","3094"
"FTSRMeasureThinGeometryCoverageCS","Global","SF_Compute","3","8501"
"FTSRRejectShadingCS","Global","SF_Compute","54","1821065"
"FTSRResolveHistoryCS","Global","SF_Compute","8","56226"
"FTSRSpatialAntiAliasingCS","Global","SF_Compute","2","9465"
"FTSRUpdateHistoryCS","Global","SF_Compute","12","213917"
"FTSRVisualizeCS","Global","SF_Compute","1","11367"
"FTSRWeightRelaxationCS","Global","SF_Compute","22","90059"
"FTemporalAACS","Global","SF_Compute","63","530575"
"FTemporalAccumulationCS","Global","SF_Compute","2","15086"
"FTemporalFeatureFusionCS","Global","SF_Compute","1","2574"
"FTemporalHighFrequencyRejectMapCS","Global","SF_Compute","1","6447"
"FTemporalPrepassCS","Global","SF_Compute","6","18128"
"FTemporalReprojectionAlignCS","Global","SF_Compute","3","33471"
"FTemporalReprojectionBlurCS","Global","SF_Compute","2","5102"
"FTemporalReprojectionMergeCS","Global","SF_Compute","4","58159"
"FTemporalResamplingCS","Global","SF_Compute","1","6637"
"FTemporalResolveCS","Global","SF_Compute","1","4742"
"FTemporalUpsampleDepthPS","Global","SF_Pixel","1","4607"
"FTestImagePS","Global","SF_Pixel","1","3996"
"FTestRaygenShader","Global","SF_RayGen","1","3777"
"FTextureAccumulateCS","Global","SF_Compute","1","2233"
"FTextureAccumulateConstantCS","Global","SF_Compute","2","4598"
"FTextureBufferMappedCopyCS","Global","SF_Compute","5","10754"
"FTextureDivideCS","Global","SF_Compute","1","2342"
"FTextureMultiplyCS","Global","SF_Compute","1","2342"
"FTmvStructuredBufferSwizzlePS","Global","SF_Pixel","24","101983"
"FTmvSwizzleVS","Global","SF_Vertex","1","2291"
"FTmvTextureBufferSwizzlePS","Global","SF_Pixel","4","15532"
"FTmvTextureYuvConverterPS","Global","SF_Pixel","1","3756"
"FTonemapCS","Global","SF_Compute","110","706098"
"FTonemapPS","Global","SF_Pixel","110","728265"
"FTonemapProjectionDebugTexturePS","Global","SF_Pixel","1","3504"
"FTonemapVS","Global","SF_Vertex","1","3030"
"FToonProfileUpdateAtlasTileCS","Global","SF_Compute","1","3525"
"FTopLevelCreateBitmaskCS","Global","SF_Compute","1","2709"
"FTopLevelGridCalculateVoxelSize","Global","SF_Compute","1","4804"
"FTranscodePageToGPU_CS","Global","SF_Compute","12","166021"
"FTranscodeRasterizerArgs_CS","Global","SF_Compute","1","2338"
"FTransferFunctionOidnCS","Global","SF_Compute","2","5789"
"FTransferVelocityPassCS","Global","SF_Compute","1","1940"
"FTranslucencyUpsampleResponsiveAAPS","Global","SF_Pixel","1","2593"
"FTranslucencyVolumeIntegrateCS","Global","SF_Compute","2","10959"
"FTranslucencyVolumeSpatialSeparableFilterCS","Global","SF_Compute","1","3447"
"FTranslucencyVolumeTraceVoxelsCS","Global","SF_Compute","12","188924"
"FTranslucentLightingInjectBatchCS","Global","SF_Compute","16","138254"
"FUYVYConvertPS","Global","SF_Pixel","1","3111"
"FUpdateAndClearDirtyFlagsCS","Global","SF_Compute","1","2760"
"FUpdateCacheForUsedProbesCS","Global","SF_Compute","2","7512"
"FUpdateHistoryDepthRejectionPS","Global","SF_Pixel","1","5937"
"FUpdatePhysicalPageAddresses","Global","SF_Compute","2","5167"
"FUpdatePhysicalPages","Global","SF_Compute","4","14863"
"FUpdateSampleCoverageCS","Global","SF_Compute","1","2979"
"FUpdateTexture2DSubresourceCS_Float","Global","SF_Compute","1","2116"
"FUpdateTexture2DSubresourceCS_Int32","Global","SF_Compute","1","2098"
"FUpdateTexture2DSubresourceCS_Uint32","Global","SF_Compute","1","2127"
"FUpdateTexture3DSubresourceCS","Global","SF_Compute","1","2179"
"FUpdateThrottleParametersCS","Global","SF_Compute","1","2941"
"FUploadHeightFieldToAtlasCS","Global","SF_Compute","1","2393"
"FUploadVisibilityToAtlasCS","Global","SF_Compute","1","2456"
"FUpsampleAndIntegrateCS","Global","SF_Compute","6","38766"
"FUpsampleHalfResTexturePS","Global","SF_Pixel","2","7364"
"FUpscaleCS","Global","SF_Compute","120","631253"
"FUpscalePS","Global","SF_Pixel","16","53982"
"FUpscaleVS","Global","SF_Vertex","1","2779"
"FVSMResetInstanceStateCS","Global","SF_Compute","1","4474"
"FVSMUpdateViewInstanceStateCS","Global","SF_Compute","1","3745"
"FVYUConvertPS","Global","SF_Pixel","1","4089"
"FViewDepthCopyCS","Global","SF_Compute","1","2296"
"FVirtualShadowMapMarkLightSamplesCS","Global","SF_Compute","1","6779"
"FVirtualShadowMapProjectionCS","Global","SF_Compute","170","4376206"
"FVirtualShadowMapProjectionCompositeFromMaskBitsPS","Global","SF_Pixel","1","6189"
"FVirtualShadowMapProjectionCompositePS","Global","SF_Pixel","1","2343"
"FVirtualShadowMapProjectionCompositeTileVS","Global","SF_Vertex","1","2576"
"FVirtualShadowMapTraceLightSamplesCS","Global","SF_Compute","1","18497"
"FVirtualSmBBuildHZBPerPageTopCS","Global","SF_Compute","1","3487"
"FVirtualSmBuildHZBPerPageCS","Global","SF_Compute","1","5119"
"FVirtualSmCopyStatsCS","Global","SF_Compute","1","2224"
"FVirtualSmFeedbackStatusCS","Global","SF_Compute","1","2538"
"FVirtualSmLogPageListStatsCS","Global","SF_Compute","1","3430"
"FVirtualSmLogStatsCS","Global","SF_Compute","2","32469"
"FVirtualSmPrintClipmapStatsCS","Global","SF_Compute","1","6137"
"FVirtualVoxelGenerateMipCS","Global","SF_Compute","2","8524"
"FVirtualVoxelIndirectArgMipCS","Global","SF_Compute","1","1976"
"FVirtualVoxelInjectOpaqueCS","Global","SF_Compute","1","4481"
"FVisibleBricksHashCS","Global","SF_Compute","1","4609"
"FVisibleLightHashCS","Global","SF_Compute","6","25690"
"FVisiblityRasterClassificationCS","Global","SF_Compute","2","6249"
"FVisiblityRasterComputeBinningCS","Global","SF_Compute","3","23277"
"FVisiblityRasterComputeCompactionCS","Global","SF_Compute","1","3773"
"FVisiblityRasterComputeDebugCS","Global","SF_Compute","1","13791"
"FVisiblityRasterComputeNaiveCS","Global","SF_Compute","3","17109"
"FVisiblityRasterComputePrepareDepthGridCS","Global","SF_Compute","1","2894"
"FVisiblityRasterComputeRasterizeCS","Global","SF_Compute","1","8902"
"FVisiblityRasterComputeRasterizeMultiSampleCS","Global","SF_Compute","4","56717"
"FVisiblityRasterHWPS","Global","SF_Pixel","1","2452"
"FVisiblityRasterHWVS","Global","SF_Vertex","3","13921"
"FVisualizeBitFieldFloatTexturePS","Global","SF_Pixel","1","2806"
"FVisualizeBufferPS","Global","SF_Pixel","1","2922"
"FVisualizeCascadesCS","Global","SF_Compute","1","3209"
"FVisualizeComplexityApplyPS","Global","SF_Pixel","2","12516"
"FVisualizeDOFPS","Global","SF_Pixel","1","3527"
"FVisualizeDistanceFieldUpsamplePS","Global","SF_Pixel","1","2165"
"FVisualizeGBufferHintsPS","Global","SF_Pixel","1","6975"
"FVisualizeHDRPS","Global","SF_Pixel","1","30384"
"FVisualizeLevelInstancePS","Global","SF_Pixel","4","17210"
"FVisualizeLightShapePS","Global","SF_Pixel","1","3655"
"FVisualizeLightShapeVS","Global","SF_Vertex","3","9779"
"FVisualizeLocalExposurePS","Global","SF_Pixel","2","9722"
"FVisualizeLumenSceneCS","Global","SF_Compute","24","782457"
"FVisualizeLumenSceneCursorDataCS","Global","SF_Compute","1","11185"
"FVisualizeMaterialCountPS","Global","SF_Pixel","1","15614"
"FVisualizeMeshDistanceFieldCS","Global","SF_Compute","9","95794"
"FVisualizeMotionVectorsPS","Global","SF_Pixel","1","4492"
"FVisualizeNanitePS","Global","SF_Pixel","1","2922"
"FVisualizePathTracingMotionVectorPS","Global","SF_Pixel","1","3952"
"FVisualizePrimitiveGroupsCS","Global","SF_Compute","1","5085"
"FVisualizeRadianceCachePS","Global","SF_Pixel","6","26381"
"FVisualizeRadianceCacheVS","Global","SF_Vertex","2","7971"
"FVisualizeRadiosityProbesPS","Global","SF_Pixel","1","3790"
"FVisualizeRadiosityProbesVS","Global","SF_Vertex","1","3675"
"FVisualizeReflectionTracesCS","Global","SF_Compute","1","7270"
"FVisualizeShadingModelPS","Global","SF_Pixel","1","3685"
"FVisualizeTexturePS","Global","SF_Pixel","8","25290"
"FVisualizeTiledScreenSpaceReflectionsPS","Global","SF_Pixel","10","64118"
"FVisualizeTiledScreenSpaceReflectionsVS","Global","SF_Vertex","1","2521"
"FVisualizeTracesCS","Global","SF_Compute","1","4108"
"FVisualizeTracesPS","Global","SF_Pixel","1","1594"
"FVisualizeTracesVS","Global","SF_Vertex","1","2938"
"FVisualizeTranslucencyVolumePS","Global","SF_Pixel","1","3373"
"FVisualizeTranslucencyVolumeVS","Global","SF_Vertex","1","3056"
"FVisualizeVirtualTextureApplyPS","Global","SF_Pixel","1","3028"
"FVisualizeVolumetricLightmapPS","Global","SF_Pixel","1","4767"
"FVisualizeVolumetricLightmapVS","Global","SF_Vertex","1","4172"
"FVisualizeWarpingPS","Global","SF_Pixel","1","3814"
"FVolumeCompactLightSampleTracesCS","Global","SF_Compute","6","17369"
"FVolumeFilterVisibleLightHashCS","Global","SF_Compute","1","3845"
"FVolumeGenerateLightSamplesCS","Global","SF_Compute","32","1173941"
"FVolumeHardwareRayTraceLightSamplesCS","Global","SF_Compute","128","1783295"
"FVolumeHardwareRayTraceLightSamplesRGS","Global","SF_RayGen","32","426190"
"FVolumeShadeLightSamplesCS","Global","SF_Compute","96","1601592"
"FVolumeSoftwareRayTraceLightSamplesCS","Global","SF_Compute","2","26984"
"FVolumeTextureTilePreviewPS","Global","SF_Pixel","1","3628"
"FVolumeTextureTracePreviewPS","Global","SF_Pixel","1","4331"
"FVolumeVisibleLightHashCS","Global","SF_Compute","4","14286"
"FVolumetricFogFinalIntegrationCS","Global","SF_Compute","1","3947"
"FVolumetricFogLightScatteringCS","Global","SF_Compute","289","4947431"
"FVolumetricFogMaterialSetupCS","Global","SF_Compute","4","23479"
"FVoxelAdaptiveFeedbackCS","Global","SF_Compute","1","2483"
"FVoxelAddIndirectBufferCS","Global","SF_Compute","1","2309"
"FVoxelAddNodeDescCS","Global","SF_Compute","2","5257"
"FVoxelAllocatePageIndexCS","Global","SF_Compute","1","4118"
"FVoxelAllocateVoxelPageCS","Global","SF_Compute","2","5873"
"FVoxelIndPageClearCS","Global","SF_Compute","1","2104"
"FVoxelMarkValidPageIndex_PrepareCS","Global","SF_Compute","2","6555"
"FVoxelRasterComputeCS","Global","SF_Compute","2","8680"
"FVoxelVirtualRaymarchingCS","Global","SF_Compute","2","109568"
"FWaterInfoFinalizePS","Global","SF_Pixel","1","2684"
"FWaterInfoMergePS","Global","SF_Pixel","1","3240"
"FWaterInfoTextureBlurPS","Global","SF_Pixel","1","2618"
"FWaterInfoTextureMergePS","Global","SF_Pixel","1","3798"
"FWaterQuadTreeBucketCountsCS","Global","SF_Compute","2","6071"
"FWaterQuadTreeBucketPrefixSumCS","Global","SF_Compute","2","5292"
"FWaterQuadTreeBuildPS","Global","SF_Pixel","1","3044"
"FWaterQuadTreeClearPerViewBuffersCS","Global","SF_Compute","1","1858"
"FWaterQuadTreeDebugCS","Global","SF_Compute","2","12159"
"FWaterQuadTreeGenerateInstanceDataCS","Global","SF_Compute","2","8600"
"FWaterQuadTreeInitializeIndirectArgsCS","Global","SF_Compute","2","4322"
"FWaterQuadTreeMergePS","Global","SF_Pixel","4","13197"
"FWaterQuadTreeOcclusionQueryPS","Global","SF_Pixel","1","1857"
"FWaterQuadTreeOcclusionQueryVS","Global","SF_Vertex","1","2917"
"FWaterQuadTreePS","Global","SF_Pixel","2","5100"
"FWaterQuadTreeTraverseCS","Global","SF_Compute","2","16198"
"FWaterQuadTreeVS","Global","SF_Vertex","3","7427"
"FWaterRefractionCopyPS","Global","SF_Pixel","6","14421"
"FWaterTileCategorisationMarkCS","Global","SF_Compute","3","11888"
"FWaterTileClassificationBuildListsCS","Global","SF_Compute","12","38533"
"FWaterTileVS","Global","SF_Vertex","1","2521"
"FWholeSceneDirectionalShadowStencilVS","Global","SF_Vertex","1","2065"
"FWideCustomResolve0_1x_falsePS","Global","SF_Pixel","1","2206"
"FWideCustomResolve0_1x_truePS","Global","SF_Pixel","1","2206"
"FWideCustomResolve2_0x_falsePS","Global","SF_Pixel","1","2379"
"FWideCustomResolve2_0x_truePS","Global","SF_Pixel","1","2379"
"FWideCustomResolve2_1x_falsePS","Global","SF_Pixel","1","2784"
"FWideCustomResolve2_1x_truePS","Global","SF_Pixel","1","2784"
"FWideCustomResolve2_2x_falsePS","Global","SF_Pixel","1","2788"
"FWideCustomResolve2_2x_truePS","Global","SF_Pixel","1","2788"
"FWideCustomResolve2_3x_falsePS","Global","SF_Pixel","1","2791"
"FWideCustomResolve2_3x_truePS","Global","SF_Pixel","1","2791"
"FWideCustomResolve4_0x_falsePS","Global","SF_Pixel","1","2379"
"FWideCustomResolve4_0x_truePS","Global","SF_Pixel","1","2379"
"FWideCustomResolve4_1x_falsePS","Global","SF_Pixel","1","2981"
"FWideCustomResolve4_1x_truePS","Global","SF_Pixel","1","2981"
"FWideCustomResolve4_2x_falsePS","Global","SF_Pixel","1","3150"
"FWideCustomResolve4_2x_truePS","Global","SF_Pixel","1","3150"
"FWideCustomResolve4_3x_falsePS","Global","SF_Pixel","1","3328"
"FWideCustomResolve4_3x_truePS","Global","SF_Pixel","1","3328"
"FWideCustomResolve8_0x_falsePS","Global","SF_Pixel","1","2374"
"FWideCustomResolve8_0x_truePS","Global","SF_Pixel","1","2374"
"FWideCustomResolve8_1x_falsePS","Global","SF_Pixel","1","3635"
"FWideCustomResolve8_1x_truePS","Global","SF_Pixel","1","3635"
"FWideCustomResolve8_2x_falsePS","Global","SF_Pixel","1","3928"
"FWideCustomResolve8_2x_truePS","Global","SF_Pixel","1","3928"
"FWideCustomResolve8_3x_falsePS","Global","SF_Pixel","1","4212"
"FWideCustomResolve8_3x_truePS","Global","SF_Pixel","1","4212"
"FWideCustomResolveVS","Global","SF_Vertex","1","1528"
"FWriteToBoundingSphereVS","Global","SF_Vertex","1","2896"
"FWriteToSliceGS","Global","SF_Geometry","1","2012"
"FWriteToSliceVS","Global","SF_Vertex","1","2382"
"FYCbCrConvertPS","Global","SF_Pixel","1","3101"
"FYCbCrConvertPS_4x4Matrix","Global","SF_Pixel","1","3044"
"FYCoCgConvertPS","Global","SF_Pixel","1","3988"
"FYUVConvertPS","Global","SF_Pixel","1","3097"
"FYUVScaledConvertPS","Global","SF_Pixel","1","3156"
"FYUVY416ConvertPS","Global","SF_Pixel","1","4059"
"FYUVv210ConvertPS","Global","SF_Pixel","1","4360"
"FYUVv216ConvertPS","Global","SF_Pixel","1","4346"
"FYUY2ConvertPS","Global","SF_Pixel","1","3123"
"FYVYUConvertPS","Global","SF_Pixel","1","3111"
"NiagaraComputeFreeIDsCS","Global","SF_Compute","1","3146"
"NiagaraFillIntBufferCS","Global","SF_Compute","1","1771"
"PCGDilate::FPCGDilatePS","Global","SF_Pixel","1","2895"
"PCGUnwrapMesh::FPCGUnwrapMeshPS","Global","SF_Pixel","2","2904"
"PCGUnwrapMesh::FPCGUnwrapMeshVS","Global","SF_Vertex","1","1706"
"RegressionKernel::FInPlaceBatchedMatrixMultiplicationCS","Global","SF_Compute","69","268475"
"RegressionKernel::FLinearSolverBuildIndirectDispatchArgsCS","Global","SF_Compute","2","3774"
"RegressionKernel::FLinearSolverCS","Global","SF_Compute","18","167956"
"RegressionKernel::FLinearSolverIndirectCS","Global","SF_Compute","36","349769"
"RegressionKernel::FReconstructSpatialTemporalImage","Global","SF_Compute","45","183412"
"RenderSkyAtmosphereEditorHudPS","Global","SF_Pixel","1","17123"
"TCopyDataCS<1>","Global","SF_Compute","1","1772"
"TCopyDataCS<2>","Global","SF_Compute","1","1890"
"TDirectionalPercentageCloserShadowProjectionPS5false","Global","SF_Pixel","1","9228"
"TDirectionalPercentageCloserShadowProjectionPS5true","Global","SF_Pixel","1","9255"
"TMeshPaintDilatePixelShader","Global","SF_Pixel","1","3065"
"TMeshPaintDilateVertexShader","Global","SF_Vertex","1","2386"
"TMeshPaintPixelShader","Global","SF_Pixel","5","16457"
"TMeshPaintVertexShader","Global","SF_Vertex","1","2388"
"TOneColorPixelShaderMRT","Global","SF_Pixel","43","89270"
"TOneColorVSfalsefalse","Global","SF_Vertex","1","2204"
"TOneColorVSfalsetrue","Global","SF_Vertex","1","2204"
"TOneColorVStruefalse","Global","SF_Vertex","1","1855"
"TOneColorVStruetrue","Global","SF_Vertex","1","1855"
"TPageTableUpdatePS<PF_R16G16B16A16_UINT>","Global","SF_Pixel","1","1500"
"TPageTableUpdatePS<PF_R16G16_UINT>","Global","SF_Pixel","1","1463"
"TPageTableUpdatePS<PF_R16_UINT>","Global","SF_Pixel","1","1442"
"TPageTableUpdatePS<PF_R32G32B32A32_UINT>","Global","SF_Pixel","1","1500"
"TPageTableUpdatePS<PF_R32G32_UINT>","Global","SF_Pixel","1","1463"
"TPageTableUpdatePS<PF_R32_UINT>","Global","SF_Pixel","1","1442"
"TPageTableUpdateVS<false>","Global","SF_Vertex","1","2698"
"TPageTableUpdateVS<true>","Global","SF_Vertex","1","2702"
"TParticleInjectionPS<false>","Global","SF_Pixel","1","1827"
"TParticleInjectionPS<true>","Global","SF_Pixel","1","1688"
"TParticleSimulationPS<PCM_DepthBuffer>","Global","SF_Pixel","1","7766"
"TParticleSimulationPS<PCM_DistanceField>","Global","SF_Pixel","1","9963"
"TParticleSimulationPS<PCM_None>","Global","SF_Pixel","1","5572"
"TPrefilterPlanarReflectionPS<false>","Global","SF_Pixel","1","2811"
"TPrefilterPlanarReflectionPS<true>","Global","SF_Pixel","1","4715"
"TScreenVSForGS<false>","Global","SF_Vertex","1","2245"
"TScreenVSForGS<true>","Global","SF_Vertex","1","2594"
"TShadowProjectionFromTranslucencyPS<1>","Global","SF_Pixel","1","3703"
"TShadowProjectionFromTranslucencyPS<2>","Global","SF_Pixel","1","3703"
"TShadowProjectionFromTranslucencyPS<3>","Global","SF_Pixel","1","3703"
"TShadowProjectionFromTranslucencyPS<4>","Global","SF_Pixel","1","3703"
"TShadowProjectionFromTranslucencyPS<5>","Global","SF_Pixel","1","3703"
"TSlateElementPSBorderfalsefalsefalsefalseA","Global","SF_Pixel","1","3277"
"TSlateElementPSBorderfalsetruefalsefalseA","Global","SF_Pixel","1","3284"
"TSlateElementPSBordertruefalsefalsefalseA","Global","SF_Pixel","1","3265"
"TSlateElementPSBordertruetruefalsefalseA","Global","SF_Pixel","1","3278"
"TSlateElementPSColorFontfalsetruefalsefalseA","Global","SF_Pixel","1","3246"
"TSlateElementPSColorFonttruetruefalsefalseA","Global","SF_Pixel","1","3259"
"TSlateElementPSDefaultfalsefalsefalsefalseA","Global","SF_Pixel","1","3284"
"TSlateElementPSDefaultfalsefalsefalsetrueA","Global","SF_Pixel","1","5411"
"TSlateElementPSDefaultfalsefalsetruefalseA","Global","SF_Pixel","1","3276"
"TSlateElementPSDefaultfalsefalsetruetrueA","Global","SF_Pixel","1","5372"
"TSlateElementPSDefaultfalsetruefalsefalseA","Global","SF_Pixel","1","3289"
"TSlateElementPSDefaultfalsetruefalsetrueA","Global","SF_Pixel","1","5464"
"TSlateElementPSDefaultfalsetruetruefalseA","Global","SF_Pixel","1","3269"
"TSlateElementPSDefaultfalsetruetruetrueA","Global","SF_Pixel","1","5364"
"TSlateElementPSDefaulttruefalsefalsefalseA","Global","SF_Pixel","1","3292"
"TSlateElementPSDefaulttruefalsefalsetrueA","Global","SF_Pixel","1","5427"
"TSlateElementPSDefaulttruefalsetruefalseA","Global","SF_Pixel","1","3284"
"TSlateElementPSDefaulttruefalsetruetrueA","Global","SF_Pixel","1","5382"
"TSlateElementPSDefaulttruetruefalsefalseA","Global","SF_Pixel","1","3301"
"TSlateElementPSDefaulttruetruefalsetrueA","Global","SF_Pixel","1","5450"
"TSlateElementPSDefaulttruetruetruefalseA","Global","SF_Pixel","1","3277"
"TSlateElementPSDefaulttruetruetruetrueA","Global","SF_Pixel","1","5364"
"TSlateElementPSGrayscaleFontfalsetruefalsefalseA","Global","SF_Pixel","1","3227"
"TSlateElementPSGrayscaleFonttruetruefalsefalseA","Global","SF_Pixel","1","3235"
"TSlateElementPSLineSegmentfalsetruefalsefalseA","Global","SF_Pixel","1","3145"
"TSlateElementPSLineSegmenttruetruefalsefalseA","Global","SF_Pixel","1","2984"
"TSlateElementPSMsdfFontfalsetruefalsefalseA","Global","SF_Pixel","1","3337"
"TSlateElementPSMsdfFonttruetruefalsefalseA","Global","SF_Pixel","1","3340"
"TSlateElementPSRoundedBoxfalsetruefalsefalseA","Global","SF_Pixel","1","3769"
"TSlateElementPSRoundedBoxtruetruefalsefalseA","Global","SF_Pixel","1","3798"
"TSlateElementPSSdfFontfalsetruefalsefalseA","Global","SF_Pixel","1","3282"
"TSlateElementPSSdfFonttruetruefalsefalseA","Global","SF_Pixel","1","3316"
"TSpotPercentageCloserShadowProjectionPS5false","Global","SF_Pixel","1","9698"
"TSpotPercentageCloserShadowProjectionPS5true","Global","SF_Pixel","1","9746"
"FDeferredDecalAmbientOcclusionPS","Material","SF_Pixel","1","3246"
"FDeferredDecalEmissivePS","Material","SF_Pixel","1","3642"
"FDeferredDecalPS","Material","SF_Pixel","1","3382"
"FHWRasterizeMS","Material","SF_Mesh","121","1191891"
"FHWRasterizePS","Material","SF_Pixel","55","372032"
"FHWRasterizeVS","Material","SF_Vertex","81","648666"
"FLightFunctionAtlasSlotPS","Material","SF_Pixel","2","4788"
"FLightFunctionPS","Material","SF_Pixel","2","8036"
"FLightFunctionRayTracingShader","Material","SF_RayMiss","2","91446"
"FLightFunctionVS","Material","SF_Vertex","1","2418"
"FLumenDirectLightingShadowMaskFromLightAttenuationWithLightFunctionCS","Material","SF_Compute","40","353482"
"FLumenSceneEvaluateStandaloneLightMaterialCS","Material","SF_Compute","4","17107"
"FMicropolyRasterizeCS","Material","SF_Compute","273","4849361"
"FPathTracingLightingMS","Material","SF_RayMiss","2","8159"
"FPostProcessMaterialPS","Material","SF_Pixel","4","13864"
"FPostProcessMaterialVS","Material","SF_Vertex","2","4205"
"FRayTracingDecalMaterialShader","Material","SF_RayCallable","1","4699"
"FTranslucentLightingInjectPS","Material","SF_Pixel","64","754610"
"FVolumetricFogLightFunctionPS","Material","SF_Pixel","8","28279"
"FAnisotropyPS","MeshMaterial","SF_Pixel","4","23573"
"FAnisotropyVS","MeshMaterial","SF_Vertex","4","27660"
"FDeepShadowDepthMeshPS","MeshMaterial","SF_Pixel","1","1202"
"FDeepShadowDepthMeshVS","MeshMaterial","SF_Vertex","1","5490"
"FDeepShadowDomMeshPS","MeshMaterial","SF_Pixel","1","2453"
"FDeepShadowDomMeshVS","MeshMaterial","SF_Vertex","1","5728"
"FDepthOnlyPS","MeshMaterial","SF_Pixel","19","60951"
"FFrontLayerTranslucencyGBufferPS","MeshMaterial","SF_Pixel","12","86904"
"FFrontLayerTranslucencyGBufferVS","MeshMaterial","SF_Vertex","4","27879"
"FHairMaterialPS","MeshMaterial","SF_Pixel","2","20206"
"FHairMaterialVS","MeshMaterial","SF_Vertex","1","3446"
"FHairVisibilityPS<HairVisibilityRenderMode_MSAA_Visibility>","MeshMaterial","SF_Pixel","1","1961"
"FHairVisibilityPS<HairVisibilityRenderMode_PPLL>","MeshMaterial","SF_Pixel","1","3925"
"FHairVisibilityPS<HairVisibilityRenderMode_Transmittance>","MeshMaterial","SF_Pixel","1","3039"
"FHairVisibilityPS<HairVisibilityRenderMode_TransmittanceAndHairCount>","MeshMaterial","SF_Pixel","1","3109"
"FHitProxyPS","MeshMaterial","SF_Pixel","42","128388"
"FHitProxyVS","MeshMaterial","SF_Vertex","47","355807"
"FLandscapePhysicalMaterialPS","MeshMaterial","SF_Pixel","1","1740"
"FLandscapePhysicalMaterialVS","MeshMaterial","SF_Vertex","1","5923"
"FLumenCardCS","MeshMaterial","SF_Compute","15","335516"
"FLumenCardPS","MeshMaterial","SF_Pixel","96","631881"
"FLumenCardVS","MeshMaterial","SF_Vertex","15","88154"
"FLumenTranslucencyRadianceCacheMarkPS","MeshMaterial","SF_Pixel","9","58477"
"FLumenTranslucencyRadianceCacheMarkVS","MeshMaterial","SF_Vertex","17","116174"
"FMeshDecalsAmbientOcclusionPS","MeshMaterial","SF_Pixel","1","2494"
"FMeshDecalsEmissivePS","MeshMaterial","SF_Pixel","1","3184"
"FMeshDecalsPS","MeshMaterial","SF_Pixel","1","2535"
"FMeshDecalsVS","MeshMaterial","SF_Vertex","3","21634"
"FPathTracingMaterialCHS","MeshMaterial","SF_RayHitGroup","77","1056984"
"FPathTracingMaterialCHS_AHS","MeshMaterial","SF_RayHitGroup","63","1009985"
"FPathTracingMaterialCHS_AHS_IS","MeshMaterial","SF_RayHitGroup","2","22185"
"FPathTracingMaterialCHS_IS","MeshMaterial","SF_RayHitGroup","2","19467"
"FRayTracingDecalMaterialCHS_AHS","MeshMaterial","SF_RayHitGroup","1","5616"
"FRayTracingDynamicGeometryConverterCS","MeshMaterial","SF_Compute","18","112695"
"TBasePassCSFNoLightMapPolicy","MeshMaterial","SF_Compute","15","304969"
"TBasePassPSFNoLightMapPolicy","MeshMaterial","SF_Pixel","125","1216741"
"TBasePassPSFSelfShadowedTranslucencyPolicy","MeshMaterial","SF_Pixel","11","329036"
"TBasePassVSFNoLightMapPolicy","MeshMaterial","SF_Vertex","70","558277"
"TBasePassVSFSelfShadowedTranslucencyPolicy","MeshMaterial","SF_Vertex","7","74518"
"TDepthOnlyVS<false>","MeshMaterial","SF_Vertex","42","263738"
"TDepthOnlyVS<true>","MeshMaterial","SF_Vertex","4","21087"
"THairVisiblityVS_MSAAVisibility_Culling","MeshMaterial","SF_Vertex","1","5252"
"THairVisiblityVS_MSAAVisibility_NoCulling","MeshMaterial","SF_Vertex","1","5009"
"THairVisiblityVS_PPLL","MeshMaterial","SF_Vertex","1","7310"
"THairVisiblityVS_Transmittance","MeshMaterial","SF_Vertex","1","6039"
"THairVisiblityVS_TransmittanceAndHairCount","MeshMaterial","SF_Vertex","1","6039"
"TMaterialCHSFNoLightMapPolicy","MeshMaterial","SF_RayHitGroup","77","943750"
"TMaterialCHSFNoLightMapPolicyFAnyHitShader","MeshMaterial","SF_RayHitGroup","63","900169"
"TMaterialCHS_IS_FNoLightMapPolicy","MeshMaterial","SF_RayHitGroup","2","18737"
"TMaterialCHS_IS_FNoLightMapPolicyFAnyHitShader","MeshMaterial","SF_RayHitGroup","2","21405"
"TShadowDepthPSCombined","MeshMaterial","SF_Pixel","18","82630"
"TShadowDepthPSOutputDepth","MeshMaterial","SF_Pixel","18","53282"
"TShadowDepthPSPerspectiveCorrect","MeshMaterial","SF_Pixel","18","61937"
"TShadowDepthVSCombined","MeshMaterial","SF_Vertex","41","330351"
"TShadowDepthVSOutputDepth","MeshMaterial","SF_Vertex","41","292859"
"TShadowDepthVSPerspectiveCorrect","MeshMaterial","SF_Vertex","41","286812"
"TShadowDepthVSPositionOnlyCombined","MeshMaterial","SF_Vertex","4","28133"
"TShadowDepthVSPositionOnlyOutputDepth","MeshMaterial","SF_Vertex","4","27161"
"TShadowDepthVSPositionOnlyPerspectiveCorrect","MeshMaterial","SF_Vertex","4","26490"
"TVelocityPS<EVelocityPassMode::Velocity_Standard>","MeshMaterial","SF_Pixel","31","125673"
"TVelocityVS<EVelocityPassMode::Velocity_Standard>","MeshMaterial","SF_Vertex","42","359305"
"TVirtualTexturePSBaseColor","MeshMaterial","SF_Pixel","17","64905"
"TVirtualTexturePSBaseColorNormalRoughness","MeshMaterial","SF_Pixel","17","83626"
"TVirtualTexturePSBaseColorNormalSpecular","MeshMaterial","SF_Pixel","17","81098"
"TVirtualTexturePSDisplacement","MeshMaterial","SF_Pixel","16","37592"
"TVirtualTexturePSMask4","MeshMaterial","SF_Pixel","16","30907"
"TVirtualTexturePSWorldHeight","MeshMaterial","SF_Pixel","16","53132"
"TVirtualTextureVSBaseColor","MeshMaterial","SF_Vertex","28","186042"
"TVirtualTextureVSBaseColorNormalRoughness","MeshMaterial","SF_Vertex","28","186042"
"TVirtualTextureVSBaseColorNormalSpecular","MeshMaterial","SF_Vertex","28","186042"
"TVirtualTextureVSDisplacement","MeshMaterial","SF_Vertex","28","186042"
"TVirtualTextureVSMask4","MeshMaterial","SF_Vertex","28","186042"
"TVirtualTextureVSWorldHeight","MeshMaterial","SF_Vertex","28","186042"
"FComputeKernelShader","ComputeKernel","SF_Compute","49","262245"
